Cyan,0,174,239,process
Magenta,236,0,140,process
Yellow,255,242,0,process
Black,35,31,32,process
PANTONE 3514 C,246,183,0,spot
PANTONE 3596 C,222,188,139,spot
PANTONE 3547 C,197,144,20,spot
PANTONE 3588 C,255,148,37,spot
PANTONE 3564 C,239,106,0,spot
PANTONE 2428 C,221,135,44,spot
PANTONE 2429 C,194,94,28,spot
PANTONE 2430 C,215,161,121,spot
PANTONE 2431 C,222,146,82,spot
PANTONE 2432 C,221,140,89,spot
PANTONE 2433 C,219,122,81,spot
PANTONE 2434 C,227,119,94,spot
PANTONE 2435 C,193,111,88,spot
PANTONE 2436 C,182,82,61,spot
PANTONE 2437 C,241,191,159,spot
PANTONE 2438 C,227,161,132,spot
PANTONE 2439 C,196,133,113,spot
PANTONE 2440 C,180,146,137,spot
PANTONE 2441 C,167,110,94,spot
PANTONE 2442 C,159,95,83,spot
PANTONE 2443 C,141,57,33,spot
PANTONE 3544 C,223,184,167,spot
PANTONE 2444 C,220,165,156,spot
PANTONE 3519 C,225,166,173,spot
PANTONE 3572 C,255,157,162,spot
PANTONE 2445 C,221,135,141,spot
PANTONE 2446 C,208,133,138,spot
PANTONE 2447 C,176,111,118,spot
PANTONE 2448 C,218,98,83,spot
PANTONE 3556 C,238,56,49,spot
PANTONE 3516 C,220,53,19,spot
PANTONE 3546 C,205,0,26,spot
PANTONE 3517 C,193,0,22,spot
PANTONE 3523 C,116,46,52,spot
PANTONE 2449 C,71,36,38,spot
PANTONE 3568 C,240,200,217,spot
PANTONE 3595 C,241,188,213,spot
PANTONE 2450 C,214,67,136,spot
PANTONE 3527 C,213,65,158,spot
PANTONE 3582 C,209,115,166,spot
PANTONE 2451 C,183,66,113,spot
PANTONE 2452 C,194,54,111,spot
PANTONE 2453 C,184,150,195,spot
PANTONE 3520 C,178,123,196,spot
PANTONE 3559 C,142,81,168,spot
PANTONE 3593 C,155,110,182,spot
PANTONE 3575 C,150,114,196,spot
PANTONE 3543 C,164,141,209,spot
PANTONE 3515 C,97,0,125,spot
PANTONE 3558 C,145,156,212,spot
PANTONE 3555 C,81,33,121,spot
PANTONE 3583 C,81,30,132,spot
PANTONE 3574 C,92,69,128,spot
PANTONE 3566 C,71,43,116,spot
PANTONE 3535 C,64,1,134,spot
PANTONE 3542 C,49,19,124,spot
PANTONE 3506 C,25,97,174,spot
PANTONE 3590 C,60,87,161,spot
PANTONE 3584 C,46,62,128,spot
PANTONE 3591 C,3,37,126,spot
PANTONE 3597 C,28,55,117,spot
PANTONE 3581 C,34,50,110,spot
PANTONE 3524 C,47,41,81,spot
PANTONE 3577 C,138,186,221,spot
PANTONE 3545 C,0,188,225,spot
PANTONE 3551 C,0,166,200,spot
PANTONE 3538 C,0,148,213,spot
PANTONE 3553 C,0,110,179,spot
PANTONE 2454 C,39,125,161,spot
PANTONE 3526 C,122,147,156,spot
PANTONE 2455 C,146,188,179,spot
PANTONE 3533 C,105,219,200,spot
PANTONE 3534 C,0,178,162,spot
PANTONE 2456 C,48,155,138,spot
PANTONE 3560 C,0,164,151,spot
PANTONE 3557 C,0,124,128,spot
PANTONE 3541 C,0,147,157,spot
PANTONE 2457 C,139,170,153,spot
PANTONE 2458 C,104,152,129,spot
PANTONE 2459 C,85,175,146,spot
PANTONE 2460 C,106,174,170,spot
PANTONE 2461 C,37,148,144,spot
PANTONE 2462 C,90,141,132,spot
PANTONE 2463 C,91,117,112,spot
PANTONE 2464 C,120,189,112,spot
PANTONE 2465 C,29,110,47,spot
PANTONE 3522 C,0,137,47,spot
PANTONE 3536 C,0,119,55,spot
PANTONE 3500 C,0,110,51,spot
PANTONE 3537 C,0,73,30,spot
PANTONE 2466 C,41,80,77,spot
PANTONE 3570 C,177,214,0,spot
PANTONE 3507 C,174,208,0,spot
PANTONE 3561 C,121,195,0,spot
PANTONE 3501 C,76,174,4,spot
PANTONE 3529 C,31,168,36,spot
PANTONE 3539 C,62,154,44,spot
PANTONE 3508 C,94,121,48,spot
PANTONE 3599 C,218,194,135,spot
PANTONE 2467 C,183,145,108,spot
PANTONE 2468 C,151,105,76,spot
PANTONE 2469 C,143,87,58,spot
PANTONE 2470 C,154,127,97,spot
PANTONE 2471 C,165,136,118,spot
PANTONE 2472 C,95,64,40,spot
PANTONE 2473 C,195,183,188,spot
PANTONE 2474 C,176,160,152,spot
PANTONE 2475 C,160,134,127,spot
PANTONE 2476 C,130,107,105,spot
PANTONE 2477 C,112,88,83,spot
PANTONE 2478 C,75,53,58,spot
PANTONE 2479 C,62,51,46,spot
PANTONE Yellow C,254,221,0,spot
PANTONE Yellow 012 C,255,215,0,spot
PANTONE Orange 021 C,254,80,0,spot
PANTONE Bright Red C,249,56,34,spot
PANTONE Warm Red C,249,66,58,spot
PANTONE Red 032 C,239,51,64,spot
PANTONE Rubine Red C,206,0,88,spot
PANTONE Rhodamine Red C,225,0,152,spot
PANTONE Pink C,214,37,152,spot
PANTONE Purple C,187,41,187,spot
PANTONE Medium Purple C,78,0,142,spot
PANTONE Violet C,68,0,153,spot
PANTONE Blue 072 C,16,6,159,spot
PANTONE Dark Blue C,0,35,156,spot
PANTONE Reflex Blue C,0,20,137,spot
PANTONE Process Blue C,0,133,202,spot
PANTONE Green C,0,171,132,spot
PANTONE Black C,45,41,38,spot
PANTONE Yellow 0131 C,242,240,161,spot
PANTONE Red 0331 C,252,174,187,spot
PANTONE Magenta 0521 C,241,178,220,spot
PANTONE Violet 0631 C,191,155,222,spot
PANTONE Blue 0821 C,116,209,234,spot
PANTONE Green 0921 C,157,231,215,spot
PANTONE Black 0961 C,158,151,142,spot
PANTONE 801 C,0,154,206,spot
PANTONE 802 C,68,214,44,spot
PANTONE 803 C,255,233,0,spot
PANTONE 804 C,255,170,77,spot
PANTONE 805 C,255,114,118,spot
PANTONE 806 C,255,62,181,spot
PANTONE 807 C,234,39,194,spot
PANTONE 871 C,132,117,78,spot
PANTONE 872 C,133,113,77,spot
PANTONE 873 C,134,109,75,spot
PANTONE 874 C,139,111,78,spot
PANTONE 875 C,135,103,79,spot
PANTONE 876 C,139,99,75,spot
PANTONE 877 C,138,141,143,spot
PANTONE 100 C,246,235,97,spot
PANTONE 101 C,247,234,72,spot
PANTONE 102 C,252,227,0,spot
PANTONE Yellow C,254,221,0,spot
PANTONE 103 C,197,169,0,spot
PANTONE 104 C,175,152,0,spot
PANTONE 105 C,137,122,39,spot
PANTONE 7401 C,245,225,164,spot
PANTONE 7402 C,236,216,152,spot
PANTONE 7403 C,238,212,132,spot
PANTONE 7404 C,244,218,64,spot
PANTONE 7405 C,242,205,0,spot
PANTONE 7406 C,241,196,0,spot
PANTONE 7407 C,203,160,82,spot
PANTONE 2001 C,248,229,154,spot
PANTONE 2002 C,249,225,125,spot
PANTONE 2003 C,249,226,103,spot
PANTONE 2004 C,251,221,122,spot
PANTONE 2005 C,254,216,128,spot
PANTONE 2006 C,235,188,78,spot
PANTONE 2007 C,224,165,38,spot
PANTONE 106 C,249,229,71,spot
PANTONE 107 C,251,225,34,spot
PANTONE 108 C,254,219,0,spot
PANTONE 109 C,255,209,0,spot
PANTONE 110 C,218,170,0,spot
PANTONE 111 C,170,138,0,spot
PANTONE 112 C,156,132,18,spot
PANTONE 113 C,250,224,83,spot
PANTONE 114 C,251,221,64,spot
PANTONE 115 C,253,218,36,spot
PANTONE 116 C,255,205,0,spot
PANTONE 117 C,201,151,0,spot
PANTONE 118 C,172,132,0,spot
PANTONE 119 C,137,115,34,spot
PANTONE 127 C,243,221,109,spot
PANTONE 128 C,243,213,78,spot
PANTONE 129 C,243,208,62,spot
PANTONE 130 C,242,169,0,spot
PANTONE 131 C,204,138,0,spot
PANTONE 132 C,160,116,0,spot
PANTONE 133 C,108,87,27,spot
PANTONE 1205 C,248,224,142,spot
PANTONE 1215 C,251,216,114,spot
PANTONE 1225 C,255,200,69,spot
PANTONE 1235 C,255,184,28,spot
PANTONE 1245 C,198,146,20,spot
PANTONE 1255 C,173,132,31,spot
PANTONE 1265 C,136,107,37,spot
PANTONE 120 C,251,219,101,spot
PANTONE 121 C,253,215,87,spot
PANTONE 122 C,254,209,65,spot
PANTONE 123 C,255,199,44,spot
PANTONE 124 C,234,170,0,spot
PANTONE 125 C,181,133,0,spot
PANTONE 126 C,154,118,17,spot
PANTONE 7548 C,255,198,0,spot
PANTONE 7549 C,255,181,0,spot
PANTONE 7550 C,209,144,0,spot
PANTONE 7551 C,180,126,0,spot
PANTONE 7552 C,115,83,29,spot
PANTONE 7553 C,90,69,34,spot
PANTONE 7554 C,75,61,42,spot
PANTONE 7555 C,210,159,19,spot
PANTONE 7556 C,183,139,32,spot
PANTONE 7557 C,159,125,35,spot
PANTONE 7558 C,150,113,38,spot
PANTONE 7559 C,143,106,42,spot
PANTONE 7560 C,125,98,46,spot
PANTONE 7561 C,108,93,52,spot
PANTONE 134 C,253,210,110,spot
PANTONE 135 C,255,198,88,spot
PANTONE 136 C,255,191,63,spot
PANTONE 137 C,255,163,0,spot
PANTONE 138 C,222,124,0,spot
PANTONE 139 C,175,109,4,spot
PANTONE 140 C,116,83,28,spot
PANTONE 2008 C,239,192,110,spot
PANTONE 2009 C,239,182,97,spot
PANTONE 2010 C,255,173,0,spot
PANTONE 2011 C,237,155,51,spot
PANTONE 2012 C,239,150,0,spot
PANTONE 2013 C,255,152,0,spot
PANTONE 2014 C,185,112,0,spot
PANTONE 1345 C,253,208,134,spot
PANTONE 1355 C,255,197,110,spot
PANTONE 1365 C,255,181,73,spot
PANTONE 1375 C,255,158,27,spot
PANTONE 1385 C,213,120,0,spot
PANTONE 1395 C,153,96,23,spot
PANTONE 1405 C,110,76,30,spot
PANTONE 141 C,242,199,92,spot
PANTONE 142 C,241,190,72,spot
PANTONE 143 C,241,180,52,spot
PANTONE 144 C,237,139,0,spot
PANTONE 145 C,207,127,0,spot
PANTONE 146 C,167,109,17,spot
PANTONE 147 C,113,92,42,spot
PANTONE 7408 C,246,190,0,spot
PANTONE 7409 C,240,179,35,spot
PANTONE 7410 C,254,173,119,spot
PANTONE 7411 C,230,166,93,spot
PANTONE 7412 C,211,130,53,spot
PANTONE 7413 C,220,134,51,spot
PANTONE 7414 C,193,108,24,spot
PANTONE 7562 C,189,155,96,spot
PANTONE 7563 C,214,154,45,spot
PANTONE 7564 C,219,138,6,spot
PANTONE 7565 C,205,121,37,spot
PANTONE 7566 C,173,100,51,spot
PANTONE 7567 C,137,83,47,spot
PANTONE 7568 C,119,81,53,spot
PANTONE 7569 C,215,136,37,spot
PANTONE 7570 C,211,131,43,spot
PANTONE 7571 C,198,125,48,spot
PANTONE 7572 C,182,114,51,spot
PANTONE 7573 C,167,102,43,spot
PANTONE 7574 C,158,106,56,spot
PANTONE 7575 C,131,93,50,spot
PANTONE 712 C,252,200,155,spot
PANTONE 713 C,253,190,135,spot
PANTONE 714 C,253,170,99,spot
PANTONE 715 C,246,141,46,spot
PANTONE 716 C,234,118,0,spot
PANTONE 717 C,212,93,0,spot
PANTONE 718 C,190,77,0,spot
PANTONE 2015 C,248,207,169,spot
PANTONE 2016 C,255,182,115,spot
PANTONE 2017 C,248,173,109,spot
PANTONE 2018 C,255,117,0,spot
PANTONE 2019 C,215,107,0,spot
PANTONE 2020 C,190,84,0,spot
PANTONE 2021 C,157,72,21,spot
PANTONE 148 C,254,203,139,spot
PANTONE 149 C,255,194,123,spot
PANTONE 150 C,255,178,91,spot
PANTONE 151 C,255,130,0,spot
PANTONE 152 C,229,114,0,spot
PANTONE 153 C,190,106,20,spot
PANTONE 154 C,155,90,26,spot
PANTONE 155 C,239,209,159,spot
PANTONE 156 C,239,190,125,spot
PANTONE 157 C,236,161,84,spot
PANTONE 158 C,232,119,34,spot
PANTONE 159 C,203,96,21,spot
PANTONE 160 C,161,86,28,spot
PANTONE 161 C,96,61,32,spot
PANTONE 1485 C,255,174,98,spot
PANTONE 1495 C,255,143,28,spot
PANTONE 1505 C,255,105,0,spot
PANTONE Orange 021 C,254,80,0,spot
PANTONE 1525 C,185,71,0,spot
PANTONE 1535 C,148,69,11,spot
PANTONE 1545 C,101,56,25,spot
PANTONE 1555 C,255,185,144,spot
PANTONE 1565 C,255,160,106,spot
PANTONE 1575 C,255,127,50,spot
PANTONE 1585 C,255,106,19,spot
PANTONE 1595 C,216,96,24,spot
PANTONE 1605 C,166,85,35,spot
PANTONE 1615 C,139,71,32,spot
PANTONE 2022 C,250,170,141,spot
PANTONE 2023 C,250,147,112,spot
PANTONE 2024 C,248,124,86,spot
PANTONE 2025 C,255,138,61,spot
PANTONE 2026 C,244,99,58,spot
PANTONE 2027 C,238,83,64,spot
PANTONE 2028 C,235,51,0,spot
PANTONE 162 C,255,190,159,spot
PANTONE 163 C,255,157,110,spot
PANTONE 164 C,255,127,65,spot
PANTONE 165 C,255,103,31,spot
PANTONE 166 C,227,82,5,spot
PANTONE 167 C,190,83,28,spot
PANTONE 168 C,115,56,29,spot
PANTONE 7576 C,219,134,78,spot
PANTONE 7577 C,224,126,60,spot
PANTONE 7578 C,220,107,47,spot
PANTONE 7579 C,220,88,42,spot
PANTONE 7580 C,192,81,49,spot
PANTONE 7581 C,134,74,51,spot
PANTONE 7582 C,103,71,54,spot
PANTONE 1625 C,255,163,139,spot
PANTONE 1635 C,255,141,109,spot
PANTONE 1645 C,255,106,57,spot
PANTONE 1655 C,252,76,2,spot
PANTONE 1665 C,220,68,5,spot
PANTONE 1675 C,169,67,30,spot
PANTONE 1685 C,131,57,33,spot
PANTONE 169 C,255,179,171,spot
PANTONE 170 C,255,134,116,spot
PANTONE 171 C,255,92,57,spot
PANTONE 172 C,250,70,22,spot
PANTONE 173 C,207,69,32,spot
PANTONE 174 C,150,56,33,spot
PANTONE 175 C,107,53,41,spot
PANTONE 7583 C,196,98,45,spot
PANTONE 7584 C,186,88,38,spot
PANTONE 7585 C,175,92,55,spot
PANTONE 7586 C,158,83,48,spot
PANTONE 7587 C,146,76,46,spot
PANTONE 7588 C,123,77,53,spot
PANTONE 7589 C,92,71,56,spot
PANTONE 7590 C,212,181,158,spot
PANTONE 7591 C,192,125,89,spot
PANTONE 7592 C,177,85,51,spot
PANTONE 7593 C,157,67,44,spot
PANTONE 7594 C,124,58,45,spot
PANTONE 7595 C,107,61,46,spot
PANTONE 7596 C,92,61,49,spot
PANTONE 7597 C,209,65,36,spot
PANTONE 7598 C,189,71,42,spot
PANTONE 7599 C,179,61,38,spot
PANTONE 7600 C,141,63,43,spot
PANTONE 7601 C,131,65,44,spot
PANTONE 7602 C,123,73,49,spot
PANTONE 7603 C,103,66,48,spot
PANTONE 7604 C,228,213,211,spot
PANTONE 7605 C,225,187,180,spot
PANTONE 7606 C,214,147,138,spot
PANTONE 7607 C,194,110,96,spot
PANTONE 7608 C,164,73,61,spot
PANTONE 7609 C,130,59,52,spot
PANTONE 7610 C,104,52,49,spot
PANTONE 2337 C,248,193,184,spot
PANTONE 2338 C,222,163,156,spot
PANTONE 2339 C,240,148,145,spot
PANTONE 2340 C,207,111,119,spot
PANTONE 2341 C,182,108,109,spot
PANTONE 2342 C,182,90,101,spot
PANTONE 2343 C,168,85,102,spot
PANTONE 7611 C,221,188,176,spot
PANTONE 7612 C,202,154,142,spot
PANTONE 7613 C,188,138,126,spot
PANTONE 7614 C,163,127,116,spot
PANTONE 7615 C,134,103,97,spot
PANTONE 7616 C,107,76,76,spot
PANTONE 7617 C,88,61,62,spot
PANTONE 7520 C,234,190,176,spot
PANTONE 7521 C,192,156,131,spot
PANTONE 7522 C,180,106,85,spot
PANTONE 7523 C,171,92,87,spot
PANTONE 7524 C,164,82,72,spot
PANTONE 7525 C,154,106,79,spot
PANTONE 7526 C,138,57,27,spot
PANTONE 489 C,236,195,178,spot
PANTONE 488 C,236,186,168,spot
PANTONE 487 C,234,167,148,spot
PANTONE 486 C,232,146,124,spot
PANTONE 485 C,218,41,28,spot
PANTONE 484 C,154,51,36,spot
PANTONE 483 C,101,48,36,spot
PANTONE 2029 C,242,130,127,spot
PANTONE 2030 C,221,121,117,spot
PANTONE 2031 C,214,105,101,spot
PANTONE 2032 C,208,90,87,spot
PANTONE 2033 C,197,70,68,spot
PANTONE 2034 C,231,60,62,spot
PANTONE 2035 C,214,0,28,spot
PANTONE 2344 C,241,128,112,spot
PANTONE 2345 C,255,109,106,spot
PANTONE 2346 C,255,88,105,spot
PANTONE 2347 C,225,6,0,spot
PANTONE 2348 C,229,85,79,spot
PANTONE 2349 C,202,54,4,spot
PANTONE 2350 C,175,35,28,spot
PANTONE 176 C,255,177,187,spot
PANTONE 177 C,255,128,139,spot
PANTONE 178 C,255,88,93,spot
PANTONE Warm Red C,249,66,58,spot
PANTONE 179 C,224,60,49,spot
PANTONE 180 C,190,58,52,spot
PANTONE 181 C,129,49,47,spot
PANTONE 1765 C,255,163,181,spot
PANTONE 1775 C,255,141,161,spot
PANTONE 1785 C,248,72,94,spot
PANTONE 1788 C,238,39,55,spot
PANTONE 1795 C,210,38,48,spot
PANTONE 1805 C,175,39,47,spot
PANTONE 1815 C,124,37,41,spot
PANTONE 1767 C,252,175,192,spot
PANTONE 1777 C,251,99,126,spot
PANTONE 1787 C,244,54,76,spot
PANTONE Red 032 C,239,51,64,spot
PANTONE 1797 C,203,51,59,spot
PANTONE 1807 C,164,52,58,spot
PANTONE 1817 C,100,51,53,spot
PANTONE 7618 C,198,110,78,spot
PANTONE 7619 C,192,76,54,spot
PANTONE 7620 C,183,49,44,spot
PANTONE 7621 C,171,35,40,spot
PANTONE 7622 C,147,39,44,spot
PANTONE 7623 C,138,42,43,spot
PANTONE 7624 C,128,47,45,spot
PANTONE 7625 C,225,82,61,spot
PANTONE 7626 C,198,53,39,spot
PANTONE 7627 C,167,43,42,spot
PANTONE 7628 C,158,42,43,spot
PANTONE 7629 C,109,51,50,spot
PANTONE 7630 C,99,50,49,spot
PANTONE 7631 C,87,45,45,spot
PANTONE 7415 C,230,186,168,spot
PANTONE 7416 C,229,106,84,spot
PANTONE 7417 C,224,78,57,spot
PANTONE 7418 C,205,84,91,spot
PANTONE 7419 C,176,74,90,spot
PANTONE 7420 C,155,34,66,spot
PANTONE 7421 C,101,29,50,spot
PANTONE 182 C,250,187,203,spot
PANTONE 183 C,252,155,179,spot
PANTONE 184 C,246,82,117,spot
PANTONE 185 C,228,0,43,spot
PANTONE 186 C,200,16,46,spot
PANTONE 187 C,166,25,46,spot
PANTONE 188 C,118,35,47,spot
PANTONE 196 C,236,199,205,spot
PANTONE 197 C,232,156,174,spot
PANTONE 198 C,223,70,97,spot
PANTONE 199 C,213,0,50,spot
PANTONE 200 C,186,12,47,spot
PANTONE 201 C,157,34,53,spot
PANTONE 202 C,134,38,51,spot
PANTONE 189 C,248,163,188,spot
PANTONE 190 C,246,117,153,spot
PANTONE 191 C,239,66,111,spot
PANTONE 192 C,228,0,70,spot
PANTONE 193 C,191,13,62,spot
PANTONE 194 C,155,39,67,spot
PANTONE 195 C,120,47,64,spot
PANTONE 1895 C,245,182,205,spot
PANTONE 1905 C,245,155,187,spot
PANTONE 1915 C,239,74,129,spot
PANTONE 1925 C,224,0,77,spot
PANTONE 1935 C,197,0,62,spot
PANTONE 1945 C,166,9,61,spot
PANTONE 1955 C,138,21,56,spot
PANTONE 705 C,245,218,223,spot
PANTONE 706 C,247,206,215,spot
PANTONE 707 C,249,181,196,spot
PANTONE 708 C,248,144,165,spot
PANTONE 709 C,239,96,121,spot
PANTONE 710 C,224,62,82,spot
PANTONE 711 C,203,44,48,spot
PANTONE 698 C,242,212,215,spot
PANTONE 699 C,244,195,204,spot
PANTONE 700 C,242,172,185,spot
PANTONE 701 C,230,134,153,spot
PANTONE 702 C,210,91,115,spot
PANTONE 703 C,184,58,75,spot
PANTONE 704 C,158,42,47,spot
PANTONE 203 C,236,179,203,spot
PANTONE 204 C,231,130,169,spot
PANTONE 205 C,224,69,123,spot
PANTONE 206 C,206,0,55,spot
PANTONE 207 C,165,0,52,spot
PANTONE 208 C,134,31,65,spot
PANTONE 209 C,111,38,61,spot
PANTONE 210 C,249,159,201,spot
PANTONE 211 C,245,126,182,spot
PANTONE 212 C,240,78,152,spot
PANTONE 213 C,227,28,121,spot
PANTONE 214 C,206,15,105,spot
PANTONE 215 C,172,20,90,spot
PANTONE 216 C,125,34,72,spot
PANTONE 2036 C,248,190,214,spot
PANTONE 2037 C,243,149,199,spot
PANTONE 2038 C,239,96,163,spot
PANTONE 2039 C,230,56,136,spot
PANTONE 2040 C,219,10,91,spot
PANTONE 2041 C,161,34,78,spot
PANTONE 2042 C,112,39,61,spot
PANTONE 7422 C,244,205,212,spot
PANTONE 7423 C,224,98,135,spot
PANTONE 7424 C,226,69,133,spot
PANTONE 7425 C,181,37,85,spot
PANTONE 7426 C,164,18,63,spot
PANTONE 7427 C,151,27,47,spot
PANTONE 7428 C,106,44,62,spot
PANTONE 7632 C,214,201,202,spot
PANTONE 7633 C,196,164,167,spot
PANTONE 7634 C,193,103,132,spot
PANTONE 7635 C,198,54,99,spot
PANTONE 7636 C,188,32,75,spot
PANTONE 7637 C,145,47,70,spot
PANTONE 7638 C,126,45,64,spot
PANTONE 217 C,234,190,219,spot
PANTONE 218 C,229,109,177,spot
PANTONE 219 C,218,24,132,spot
PANTONE Rubine Red C,206,0,88,spot
PANTONE 220 C,165,0,80,spot
PANTONE 221 C,145,0,72,spot
PANTONE 222 C,108,29,69,spot
PANTONE 7639 C,147,109,115,spot
PANTONE 7640 C,147,64,84,spot
PANTONE 7641 C,142,44,72,spot
PANTONE 7642 C,115,46,74,spot
PANTONE 7643 C,103,46,69,spot
PANTONE 7644 C,88,45,64,spot
PANTONE 7645 C,80,43,58,spot
PANTONE 223 C,239,149,207,spot
PANTONE 224 C,235,111,189,spot
PANTONE 225 C,223,25,149,spot
PANTONE 226 C,208,0,111,spot
PANTONE 227 C,170,0,97,spot
PANTONE 228 C,137,12,88,spot
PANTONE 229 C,103,33,70,spot
PANTONE 230 C,244,166,215,spot
PANTONE 231 C,242,119,198,spot
PANTONE 232 C,233,60,172,spot
PANTONE Rhodamine Red C,225,0,152,spot
PANTONE 233 C,198,0,126,spot
PANTONE 234 C,162,0,103,spot
PANTONE 235 C,132,11,85,spot
PANTONE 670 C,234,211,226,spot
PANTONE 671 C,230,188,216,spot
PANTONE 672 C,223,160,201,spot
PANTONE 673 C,217,134,186,spot
PANTONE 674 C,198,87,154,spot
PANTONE 675 C,174,37,115,spot
PANTONE 676 C,150,0,81,spot
PANTONE 2043 C,234,196,210,spot
PANTONE 2044 C,231,147,183,spot
PANTONE 2045 C,221,116,161,spot
PANTONE 2046 C,207,87,138,spot
PANTONE 2047 C,165,69,112,spot
PANTONE 2048 C,151,57,97,spot
PANTONE 2049 C,133,44,77,spot
PANTONE 677 C,229,206,219,spot
PANTONE 678 C,227,200,216,spot
PANTONE 679 C,222,190,210,spot
PANTONE 680 C,201,150,182,spot
PANTONE 681 C,176,108,150,spot
PANTONE 682 C,153,72,120,spot
PANTONE 683 C,124,40,85,spot
PANTONE 2050 C,239,215,229,spot
PANTONE 2051 C,221,194,207,spot
PANTONE 2052 C,200,159,182,spot
PANTONE 2053 C,179,128,157,spot
PANTONE 2054 C,158,112,139,spot
PANTONE 2055 C,144,95,123,spot
PANTONE 2056 C,126,73,102,spot
PANTONE 684 C,228,198,212,spot
PANTONE 685 C,220,182,201,spot
PANTONE 686 C,208,161,186,spot
PANTONE 687 C,190,132,163,spot
PANTONE 688 C,167,99,137,spot
PANTONE 689 C,137,59,103,spot
PANTONE 690 C,97,33,65,spot
PANTONE 510 C,235,190,203,spot
PANTONE 509 C,232,179,195,spot
PANTONE 508 C,228,169,187,spot
PANTONE 507 C,213,146,170,spot
PANTONE 506 C,132,52,78,spot
PANTONE 505 C,111,44,63,spot
PANTONE 504 C,87,41,50,spot
PANTONE 7429 C,226,188,203,spot
PANTONE 7430 C,220,169,191,spot
PANTONE 7431 C,201,128,158,spot
PANTONE 7432 C,181,92,128,spot
PANTONE 7433 C,167,58,100,spot
PANTONE 7434 C,155,50,89,spot
PANTONE 7435 C,135,38,81,spot
PANTONE 691 C,233,205,208,spot
PANTONE 692 C,228,190,195,spot
PANTONE 693 C,215,163,171,spot
PANTONE 694 C,196,132,144,spot
PANTONE 695 C,180,107,122,spot
PANTONE 696 C,152,72,86,spot
PANTONE 697 C,137,60,71,spot
PANTONE 496 C,242,198,207,spot
PANTONE 495 C,241,189,200,spot
PANTONE 494 C,233,162,178,spot
PANTONE 493 C,220,134,153,spot
PANTONE 492 C,143,50,55,spot
PANTONE 491 C,127,48,53,spot
PANTONE 490 C,93,42,44,spot
PANTONE 503 C,233,196,199,spot
PANTONE 502 C,229,186,193,spot
PANTONE 501 C,218,165,173,spot
PANTONE 500 C,198,133,143,spot
PANTONE 499 C,122,62,58,spot
PANTONE 498 C,106,55,53,spot
PANTONE 497 C,81,47,46,spot
PANTONE 5035 C,223,194,195,spot
PANTONE 5025 C,219,183,187,spot
PANTONE 5015 C,204,161,166,spot
PANTONE 5005 C,176,124,131,spot
PANTONE 4995 C,156,97,105,spot
PANTONE 4985 C,135,75,82,spot
PANTONE 4975 C,63,32,33,spot
PANTONE 236 C,241,167,220,spot
PANTONE 237 C,236,134,208,spot
PANTONE 238 C,228,93,191,spot
PANTONE 239 C,219,62,177,spot
PANTONE 240 C,197,41,155,spot
PANTONE 241 C,175,22,133,spot
PANTONE 242 C,128,34,95,spot
PANTONE 2057 C,207,146,183,spot
PANTONE 2058 C,187,133,171,spot
PANTONE 2059 C,184,123,161,spot
PANTONE 2060 C,200,107,168,spot
PANTONE 2061 C,173,83,137,spot
PANTONE 2062 C,180,69,141,spot
PANTONE 2063 C,165,48,124,spot
PANTONE 2365 C,239,186,225,spot
PANTONE 2375 C,226,119,205,spot
PANTONE 2385 C,213,57,181,spot
PANTONE 2395 C,200,0,161,spot
PANTONE 2405 C,176,0,142,spot
PANTONE 2415 C,158,0,126,spot
PANTONE 2425 C,131,0,101,spot
PANTONE 243 C,234,184,228,spot
PANTONE 244 C,229,155,220,spot
PANTONE 245 C,221,127,211,spot
PANTONE 246 C,199,36,177,spot
PANTONE 247 C,187,22,163,spot
PANTONE 248 C,165,24,144,spot
PANTONE 249 C,128,39,108,spot
PANTONE 7646 C,165,110,135,spot
PANTONE 7647 C,168,61,114,spot
PANTONE 7648 C,153,30,102,spot
PANTONE 7649 C,138,27,97,spot
PANTONE 7650 C,114,34,87,spot
PANTONE 7651 C,106,42,91,spot
PANTONE 7652 C,94,39,81,spot
PANTONE 250 C,231,186,228,spot
PANTONE 251 C,221,156,223,spot
PANTONE 252 C,201,100,207,spot
PANTONE Purple C,187,41,187,spot
PANTONE 253 C,173,26,172,spot
PANTONE 254 C,152,29,151,spot
PANTONE 255 C,114,36,108,spot
PANTONE 2064 C,224,162,212,spot
PANTONE 2065 C,222,168,221,spot
PANTONE 2066 C,210,141,211,spot
PANTONE 2067 C,192,105,194,spot
PANTONE 2068 C,177,78,181,spot
PANTONE 2069 C,164,56,168,spot
PANTONE 2070 C,143,26,149,spot
PANTONE 517 C,235,198,223,spot
PANTONE 516 C,230,190,221,spot
PANTONE 515 C,226,172,215,spot
PANTONE 514 C,212,139,200,spot
PANTONE 513 C,147,50,142,spot
PANTONE 512 C,131,49,119,spot
PANTONE 511 C,97,44,81,spot
PANTONE 2351 C,189,122,179,spot
PANTONE 2352 C,181,101,167,spot
PANTONE 2353 C,191,77,165,spot
PANTONE 2354 C,146,78,140,spot
PANTONE 2355 C,135,2,123,spot
PANTONE 2356 C,114,0,98,spot
PANTONE 2357 C,98,18,68,spot
PANTONE 7653 C,148,135,148,spot
PANTONE 7654 C,162,120,156,spot
PANTONE 7655 C,161,90,149,spot
PANTONE 7656 C,142,58,128,spot
PANTONE 7657 C,110,43,98,spot
PANTONE 7658 C,106,52,96,spot
PANTONE 7659 C,93,55,84,spot
PANTONE 5175 C,216,200,209,spot
PANTONE 5165 C,211,192,205,spot
PANTONE 5155 C,191,165,184,spot
PANTONE 5145 C,155,119,147,spot
PANTONE 5135 C,126,84,117,spot
PANTONE 5125 C,105,60,94,spot
PANTONE 5115 C,81,42,68,spot
PANTONE 5245 C,219,205,211,spot
PANTONE 5235 C,208,190,199,spot
PANTONE 5225 C,198,176,188,spot
PANTONE 5215 C,175,149,166,spot
PANTONE 5205 C,134,100,122,spot
PANTONE 5195 C,102,67,90,spot
PANTONE 5185 C,74,48,65,spot
PANTONE 524 C,213,194,216,spot
PANTONE 523 C,201,177,208,spot
PANTONE 522 C,186,156,197,spot
PANTONE 521 C,165,127,178,spot
PANTONE 520 C,100,47,108,spot
PANTONE 519 C,89,49,95,spot
PANTONE 518 C,75,48,72,spot
PANTONE 7436 C,238,218,234,spot
PANTONE 7437 C,204,174,208,spot
PANTONE 7438 C,213,158,215,spot
PANTONE 7439 C,178,136,185,spot
PANTONE 7440 C,162,119,166,spot
PANTONE 7441 C,159,92,192,spot
PANTONE 7442 C,150,60,189,spot
PANTONE 2562 C,215,169,227,spot
PANTONE 2572 C,201,139,219,spot
PANTONE 2582 C,172,79,198,spot
PANTONE 2592 C,155,38,182,spot
PANTONE 2602 C,135,24,157,spot
PANTONE 2612 C,119,37,131,spot
PANTONE 2622 C,101,49,101,spot
PANTONE 531 C,223,200,231,spot
PANTONE 530 C,215,185,228,spot
PANTONE 529 C,202,162,221,spot
PANTONE 528 C,181,128,209,spot
PANTONE 527 C,128,49,167,spot
PANTONE 526 C,112,47,138,spot
PANTONE 525 C,87,44,95,spot
PANTONE 256 C,214,191,221,spot
PANTONE 257 C,198,161,207,spot
PANTONE 258 C,140,71,153,spot
PANTONE 259 C,109,32,119,spot
PANTONE 260 C,100,38,103,spot
PANTONE 261 C,93,40,95,spot
PANTONE 262 C,81,40,79,spot
PANTONE 2563 C,203,163,216,spot
PANTONE 2573 C,184,132,203,spot
PANTONE 2583 C,160,94,181,spot
PANTONE 2593 C,132,50,155,spot
PANTONE 2603 C,112,32,130,spot
PANTONE 2613 C,103,30,117,spot
PANTONE 2623 C,95,33,103,spot
PANTONE 2078 C,181,157,187,spot
PANTONE 2079 C,155,126,164,spot
PANTONE 2080 C,152,115,172,spot
PANTONE 2081 C,134,94,156,spot
PANTONE 2082 C,120,78,144,spot
PANTONE 2083 C,150,94,200,spot
PANTONE 2084 C,127,53,178,spot
PANTONE 2071 C,199,178,222,spot
PANTONE 2072 C,184,150,212,spot
PANTONE 2073 C,175,149,211,spot
PANTONE 2074 C,149,105,190,spot
PANTONE 2075 C,136,102,188,spot
PANTONE 2076 C,134,89,181,spot
PANTONE 2077 C,110,63,163,spot
PANTONE 7660 C,153,145,164,spot
PANTONE 7661 C,141,110,151,spot
PANTONE 7662 C,122,65,131,spot
PANTONE 7663 C,107,48,119,spot
PANTONE 7664 C,101,50,121,spot
PANTONE 7665 C,94,54,110,spot
PANTONE 7666 C,92,78,99,spot
PANTONE 2567 C,193,160,218,spot
PANTONE 2577 C,167,123,202,spot
PANTONE 2587 C,130,70,175,spot
PANTONE 2597 C,92,6,140,spot
PANTONE 2607 C,80,7,120,spot
PANTONE 2617 C,71,10,104,spot
PANTONE 2627 C,60,16,83,spot
PANTONE 263 C,215,198,230,spot
PANTONE 264 C,193,167,226,spot
PANTONE 265 C,144,99,205,spot
PANTONE 266 C,117,59,189,spot
PANTONE 267 C,95,37,159,spot
PANTONE 268 C,88,44,131,spot
PANTONE 269 C,81,45,109,spot
PANTONE 2085 C,222,205,231,spot
PANTONE 2086 C,160,139,203,spot
PANTONE 2087 C,155,125,212,spot
PANTONE 2088 C,130,93,199,spot
PANTONE 2089 C,114,72,189,spot
PANTONE 2090 C,102,56,182,spot
PANTONE 2091 C,76,18,161,spot
PANTONE 2635 C,197,180,227,spot
PANTONE 2645 C,173,150,220,spot
PANTONE 2655 C,150,120,211,spot
PANTONE 2665 C,125,85,199,spot
PANTONE Violet C,68,0,153,spot
PANTONE 2685 C,51,0,114,spot
PANTONE 2695 C,46,26,71,spot
PANTONE 2092 C,184,172,214,spot
PANTONE 2093 C,166,153,193,spot
PANTONE 2094 C,142,127,174,spot
PANTONE 2095 C,121,101,178,spot
PANTONE 2096 C,101,78,163,spot
PANTONE 2097 C,98,68,187,spot
PANTONE 2098 C,74,37,170,spot
PANTONE 2099 C,177,162,202,spot
PANTONE 2100 C,159,143,202,spot
PANTONE 2101 C,138,117,209,spot
PANTONE 2102 C,101,88,177,spot
PANTONE 2103 C,89,73,167,spot
PANTONE 2104 C,72,54,152,spot
PANTONE 2105 C,57,32,124,spot
PANTONE 270 C,180,181,223,spot
PANTONE 271 C,149,149,210,spot
PANTONE 272 C,116,116,193,spot
PANTONE 273 C,36,19,95,spot
PANTONE 274 C,33,21,81,spot
PANTONE 275 C,32,23,71,spot
PANTONE 276 C,34,28,53,spot
PANTONE 2705 C,167,164,224,spot
PANTONE 2715 C,139,132,215,spot
PANTONE 2725 C,104,91,199,spot
PANTONE 2735 C,46,0,139,spot
PANTONE 2745 C,40,0,113,spot
PANTONE 2755 C,37,14,98,spot
PANTONE 2765 C,32,21,71,spot
PANTONE 7667 C,110,124,160,spot
PANTONE 7668 C,104,110,159,spot
PANTONE 7669 C,97,94,155,spot
PANTONE 7670 C,86,82,148,spot
PANTONE 7671 C,81,70,137,spot
PANTONE 7672 C,76,65,132,spot
PANTONE 7673 C,83,84,134,spot
PANTONE 7443 C,221,218,232,spot
PANTONE 7444 C,182,184,220,spot
PANTONE 7445 C,167,162,195,spot
PANTONE 7446 C,137,134,202,spot
PANTONE 7447 C,93,71,119,spot
PANTONE 7448 C,75,56,76,spot
PANTONE 7449 C,65,39,59,spot
PANTONE 7674 C,135,140,180,spot
PANTONE 7675 C,124,127,171,spot
PANTONE 7676 C,117,102,160,spot
PANTONE 7677 C,111,80,145,spot
PANTONE 7678 C,104,71,141,spot
PANTONE 7679 C,86,61,130,spot
PANTONE 7680 C,82,49,120,spot
PANTONE 663 C,229,225,230,spot
PANTONE 664 C,224,219,227,spot
PANTONE 665 C,198,188,208,spot
PANTONE 666 C,161,146,178,spot
PANTONE 667 C,124,105,146,spot
PANTONE 668 C,97,75,121,spot
PANTONE 669 C,63,42,86,spot
PANTONE 5315 C,216,215,223,spot
PANTONE 5305 C,198,196,210,spot
PANTONE 5295 C,179,176,196,spot
PANTONE 5285 C,141,137,165,spot
PANTONE 5275 C,89,84,120,spot
PANTONE 5265 C,64,58,96,spot
PANTONE 5255 C,30,26,52,spot
PANTONE 2358 C,173,164,174,spot
PANTONE 2359 C,127,115,132,spot
PANTONE 2360 C,123,121,142,spot
PANTONE 2361 C,112,112,141,spot
PANTONE 2362 C,108,106,129,spot
PANTONE 2363 C,96,93,117,spot
PANTONE 2364 C,102,89,108,spot
PANTONE 2106 C,177,181,206,spot
PANTONE 2107 C,144,153,186,spot
PANTONE 2108 C,119,127,168,spot
PANTONE 2109 C,103,109,153,spot
PANTONE 2110 C,91,97,143,spot
PANTONE 2111 C,70,78,126,spot
PANTONE 2112 C,53,31,101,spot
PANTONE 2113 C,165,176,227,spot
PANTONE 2114 C,131,141,200,spot
PANTONE 2115 C,111,121,189,spot
PANTONE 2116 C,96,104,178,spot
PANTONE 2117 C,68,73,156,spot
PANTONE 2118 C,52,53,121,spot
PANTONE 2119 C,44,45,101,spot
PANTONE 2366 C,106,109,205,spot
PANTONE 2367 C,79,76,177,spot
PANTONE 2368 C,77,73,190,spot
PANTONE 2369 C,59,63,182,spot
PANTONE 2370 C,47,42,149,spot
PANTONE 2371 C,51,5,141,spot
PANTONE 2372 C,40,30,120,spot
PANTONE 538 C,197,207,218,spot
PANTONE 537 C,187,199,214,spot
PANTONE 536 C,162,178,200,spot
PANTONE 535 C,142,159,188,spot
PANTONE 534 C,27,54,93,spot
PANTONE 533 C,31,42,68,spot
PANTONE 532 C,28,31,42,spot
PANTONE 7541 C,217,225,226,spot
PANTONE 7542 C,164,188,194,spot
PANTONE 7543 C,152,164,174,spot
PANTONE 7544 C,118,134,146,spot
PANTONE 7545 C,66,85,99,spot
PANTONE 7546 C,37,55,70,spot
PANTONE 7547 C,19,30,41,spot
PANTONE 2162 C,158,166,180,spot
PANTONE 2163 C,134,156,174,spot
PANTONE 2164 C,126,147,167,spot
PANTONE 2165 C,104,129,151,spot
PANTONE 2166 C,87,114,139,spot
PANTONE 2167 C,80,109,133,spot
PANTONE 2168 C,37,74,93,spot
PANTONE 2373 C,114,130,159,spot
PANTONE 2374 C,77,95,128,spot
PANTONE 2376 C,78,91,115,spot
PANTONE 2377 C,49,84,112,spot
PANTONE 2378 C,56,73,103,spot
PANTONE 2379 C,59,69,89,spot
PANTONE 2380 C,40,51,74,spot
PANTONE 552 C,185,211,220,spot
PANTONE 551 C,163,199,210,spot
PANTONE 550 C,141,185,202,spot
PANTONE 549 C,107,164,184,spot
PANTONE 548 C,0,61,76,spot
PANTONE 547 C,0,49,60,spot
PANTONE 546 C,7,43,49,spot
PANTONE 5455 C,191,206,214,spot
PANTONE 5445 C,183,201,211,spot
PANTONE 5435 C,166,187,200,spot
PANTONE 5425 C,122,153,172,spot
PANTONE 5415 C,91,127,149,spot
PANTONE 5405 C,79,117,139,spot
PANTONE 5395 C,8,31,44,spot
PANTONE 2155 C,158,181,203,spot
PANTONE 2156 C,139,166,193,spot
PANTONE 2157 C,117,148,179,spot
PANTONE 2158 C,92,130,165,spot
PANTONE 2159 C,78,118,156,spot
PANTONE 2160 C,62,105,145,spot
PANTONE 2161 C,40,87,128,spot
PANTONE 2134 C,147,165,207,spot
PANTONE 2135 C,117,140,192,spot
PANTONE 2136 C,131,148,184,spot
PANTONE 2137 C,110,128,169,spot
PANTONE 2138 C,100,118,146,spot
PANTONE 2139 C,77,105,149,spot
PANTONE 2140 C,58,83,130,spot
PANTONE 642 C,209,221,230,spot
PANTONE 643 C,198,214,227,spot
PANTONE 644 C,155,184,211,spot
PANTONE 645 C,125,161,196,spot
PANTONE 646 C,94,138,180,spot
PANTONE 647 C,35,97,146,spot
PANTONE 648 C,0,46,93,spot
PANTONE 649 C,219,226,233,spot
PANTONE 650 C,206,217,229,spot
PANTONE 651 C,167,188,214,spot
PANTONE 652 C,125,155,193,spot
PANTONE 653 C,50,98,149,spot
PANTONE 654 C,0,58,112,spot
PANTONE 655 C,0,37,84,spot
PANTONE 656 C,221,229,237,spot
PANTONE 657 C,200,216,235,spot
PANTONE 658 C,177,201,232,spot
PANTONE 659 C,123,164,219,spot
PANTONE 660 C,64,126,201,spot
PANTONE 661 C,0,53,148,spot
PANTONE 662 C,0,26,112,spot
PANTONE 2127 C,184,201,225,spot
PANTONE 2128 C,152,182,228,spot
PANTONE 2129 C,95,141,218,spot
PANTONE 2130 C,85,118,209,spot
PANTONE 2131 C,54,90,189,spot
PANTONE 2132 C,9,87,195,spot
PANTONE 2133 C,28,87,165,spot
PANTONE 7450 C,189,197,219,spot
PANTONE 7451 C,137,171,227,spot
PANTONE 7452 C,128,148,221,spot
PANTONE 7453 C,123,166,222,spot
PANTONE 7454 C,95,143,180,spot
PANTONE 7455 C,58,93,174,spot
PANTONE 7456 C,96,110,178,spot
PANTONE 2120 C,190,202,234,spot
PANTONE 2121 C,143,172,217,spot
PANTONE 2122 C,155,174,228,spot
PANTONE 2123 C,122,147,220,spot
PANTONE 2124 C,111,123,212,spot
PANTONE 2125 C,84,97,200,spot
PANTONE 2126 C,48,58,178,spot
PANTONE 2706 C,203,211,235,spot
PANTONE 2716 C,159,174,229,spot
PANTONE 2726 C,72,92,199,spot
PANTONE 2736 C,30,34,170,spot
PANTONE 2746 C,23,28,143,spot
PANTONE 2756 C,21,31,109,spot
PANTONE 2766 C,20,27,77,spot
PANTONE 2708 C,184,204,234,spot
PANTONE 2718 C,92,136,218,spot
PANTONE 2728 C,0,71,187,spot
PANTONE 2738 C,6,3,141,spot
PANTONE 2748 C,0,24,113,spot
PANTONE 2758 C,0,30,98,spot
PANTONE 2768 C,7,29,73,spot
PANTONE 2707 C,195,215,238,spot
PANTONE 2717 C,167,198,237,spot
PANTONE 2727 C,48,127,226,spot
PANTONE Blue 072 C,16,6,159,spot
PANTONE 2747 C,0,26,114,spot
PANTONE 2757 C,0,30,96,spot
PANTONE 2767 C,19,41,75,spot
PANTONE 277 C,171,202,233,spot
PANTONE 278 C,139,184,232,spot
PANTONE 279 C,65,143,222,spot
PANTONE Reflex Blue C,0,20,137,spot
PANTONE 280 C,1,33,105,spot
PANTONE 281 C,0,32,91,spot
PANTONE 282 C,4,30,66,spot
PANTONE 283 C,146,193,233,spot
PANTONE 284 C,108,172,228,spot
PANTONE 285 C,0,114,206,spot
PANTONE 286 C,0,51,160,spot
PANTONE 287 C,0,48,135,spot
PANTONE 288 C,0,45,114,spot
PANTONE 289 C,12,35,64,spot
PANTONE 7681 C,148,169,203,spot
PANTONE 7682 C,103,135,183,spot
PANTONE 7683 C,66,109,169,spot
PANTONE 7684 C,56,94,157,spot
PANTONE 7685 C,44,86,151,spot
PANTONE 7686 C,29,79,145,spot
PANTONE 7687 C,29,66,138,spot
PANTONE 2141 C,139,190,232,spot
PANTONE 2142 C,127,173,227,spot
PANTONE 2143 C,62,135,203,spot
PANTONE 2144 C,0,103,185,spot
PANTONE 2145 C,0,78,168,spot
PANTONE 2146 C,0,53,142,spot
PANTONE 2147 C,0,38,119,spot
PANTONE 545 C,198,218,231,spot
PANTONE 544 C,189,214,230,spot
PANTONE 543 C,164,200,225,spot
PANTONE 542 C,123,175,212,spot
PANTONE 541 C,0,60,113,spot
PANTONE 540 C,0,48,87,spot
PANTONE 539 C,0,38,58,spot
PANTONE 290 C,185,217,235,spot
PANTONE 291 C,155,203,235,spot
PANTONE 292 C,105,179,231,spot
PANTONE 293 C,0,61,165,spot
PANTONE 294 C,0,47,108,spot
PANTONE 295 C,0,40,85,spot
PANTONE 296 C,4,28,44,spot
PANTONE 2905 C,141,200,232,spot
PANTONE 2915 C,98,181,229,spot
PANTONE 2925 C,0,156,222,spot
PANTONE 2935 C,0,87,184,spot
PANTONE 2945 C,0,76,151,spot
PANTONE 2955 C,0,56,101,spot
PANTONE 2965 C,0,38,62,spot
PANTONE 2169 C,129,176,210,spot
PANTONE 2170 C,95,155,198,spot
PANTONE 2171 C,72,159,223,spot
PANTONE 2172 C,20,123,209,spot
PANTONE 2173 C,0,132,213,spot
PANTONE 2174 C,0,118,206,spot
PANTONE 2175 C,0,106,198,spot
PANTONE 2381 C,94,147,219,spot
PANTONE 2382 C,0,138,216,spot
PANTONE 2383 C,39,116,174,spot
PANTONE 2384 C,0,97,160,spot
PANTONE 2386 C,45,104,196,spot
PANTONE 2387 C,7,98,200,spot
PANTONE 2388 C,0,80,181,spot
PANTONE 297 C,113,197,232,spot
PANTONE 298 C,65,182,230,spot
PANTONE 299 C,0,163,224,spot
PANTONE 300 C,0,94,184,spot
PANTONE 301 C,0,75,135,spot
PANTONE 302 C,0,59,92,spot
PANTONE 303 C,0,42,58,spot
PANTONE 7688 C,70,152,203,spot
PANTONE 7689 C,41,143,194,spot
PANTONE 7690 C,0,118,168,spot
PANTONE 7691 C,0,98,152,spot
PANTONE 7692 C,0,85,135,spot
PANTONE 7693 C,0,73,118,spot
PANTONE 7694 C,1,66,106,spot
PANTONE 2148 C,97,145,180,spot
PANTONE 2149 C,75,130,168,spot
PANTONE 2150 C,54,116,157,spot
PANTONE 2151 C,37,107,162,spot
PANTONE 2152 C,26,101,143,spot
PANTONE 2153 C,0,86,126,spot
PANTONE 2154 C,0,70,128,spot
PANTONE 2183 C,0,146,189,spot
PANTONE 2184 C,0,132,212,spot
PANTONE 2185 C,0,118,165,spot
PANTONE 2186 C,0,73,134,spot
PANTONE 2187 C,0,70,119,spot
PANTONE 2188 C,0,66,106,spot
PANTONE 2189 C,0,51,73,spot
PANTONE 2975 C,153,214,234,spot
PANTONE 2985 C,91,194,231,spot
PANTONE 2995 C,0,169,224,spot
PANTONE 3005 C,0,119,200,spot
PANTONE 3015 C,0,98,155,spot
PANTONE 3025 C,0,79,113,spot
PANTONE 3035 C,0,62,81,spot
PANTONE 2190 C,86,183,230,spot
PANTONE 2191 C,0,163,225,spot
PANTONE 2192 C,0,145,218,spot
PANTONE 2193 C,0,144,218,spot
PANTONE 2194 C,0,134,214,spot
PANTONE 2195 C,0,118,207,spot
PANTONE 2196 C,0,105,177,spot
PANTONE 7695 C,123,167,188,spot
PANTONE 7696 C,99,153,174,spot
PANTONE 7697 C,78,135,160,spot
PANTONE 7698 C,65,116,141,spot
PANTONE 7699 C,52,101,127,spot
PANTONE 7700 C,22,92,125,spot
PANTONE 7701 C,0,87,118,spot
PANTONE 2176 C,166,184,193,spot
PANTONE 2177 C,127,160,172,spot
PANTONE 2178 C,107,143,156,spot
PANTONE 2179 C,82,122,138,spot
PANTONE 2180 C,63,108,125,spot
PANTONE 2181 C,42,91,108,spot
PANTONE 2182 C,23,74,91,spot
PANTONE 2204 C,175,205,215,spot
PANTONE 2205 C,137,178,196,spot
PANTONE 2206 C,119,159,181,spot
PANTONE 2207 C,101,154,177,spot
PANTONE 2208 C,84,137,163,spot
PANTONE 2209 C,73,134,160,spot
PANTONE 2210 C,7,79,113,spot
PANTONE 7457 C,187,221,230,spot
PANTONE 7458 C,113,178,201,spot
PANTONE 7459 C,66,152,181,spot
PANTONE 7460 C,0,134,191,spot
PANTONE 7461 C,0,125,186,spot
PANTONE 7462 C,0,85,140,spot
PANTONE 7463 C,0,43,73,spot
PANTONE 304 C,154,219,232,spot
PANTONE 305 C,89,203,232,spot
PANTONE 306 C,0,181,226,spot
PANTONE Process Blue C,0,133,202,spot
PANTONE 307 C,0,107,166,spot
PANTONE 308 C,0,88,124,spot
PANTONE 309 C,0,59,73,spot
PANTONE 635 C,164,219,232,spot
PANTONE 636 C,139,211,230,spot
PANTONE 637 C,78,195,224,spot
PANTONE 638 C,0,175,215,spot
PANTONE 639 C,0,149,200,spot
PANTONE 640 C,0,130,186,spot
PANTONE 641 C,0,103,160,spot
PANTONE 2389 C,76,159,200,spot
PANTONE 2390 C,7,124,171,spot
PANTONE 2391 C,0,129,166,spot
PANTONE 2392 C,22,104,134,spot
PANTONE 2393 C,0,146,203,spot
PANTONE 2394 C,0,139,206,spot
PANTONE 2396 C,0,153,178,spot
PANTONE 7702 C,72,169,197,spot
PANTONE 7703 C,0,156,189,spot
PANTONE 7704 C,0,133,173,spot
PANTONE 7705 C,0,112,150,spot
PANTONE 7706 C,0,106,142,spot
PANTONE 7707 C,0,97,127,spot
PANTONE 7708 C,0,86,112,spot
PANTONE 2197 C,116,210,231,spot
PANTONE 2198 C,74,201,227,spot
PANTONE 2199 C,0,187,220,spot
PANTONE 2200 C,4,169,199,spot
PANTONE 2201 C,0,174,214,spot
PANTONE 2202 C,0,165,223,spot
PANTONE 2203 C,0,135,174,spot
PANTONE 628 C,184,221,225,spot
PANTONE 629 C,155,211,221,spot
PANTONE 630 C,119,197,213,spot
PANTONE 631 C,62,177,200,spot
PANTONE 632 C,0,147,178,spot
PANTONE 633 C,0,115,150,spot
PANTONE 634 C,0,95,131,spot
PANTONE 310 C,106,209,227,spot
PANTONE 311 C,5,195,222,spot
PANTONE 312 C,0,169,206,spot
PANTONE 313 C,0,146,188,spot
PANTONE 314 C,0,127,163,spot
PANTONE 315 C,0,103,127,spot
PANTONE 316 C,0,72,81,spot
PANTONE 3105 C,104,210,223,spot
PANTONE 3115 C,0,193,213,spot
PANTONE 3125 C,0,174,199,spot
PANTONE 3135 C,0,142,170,spot
PANTONE 3145 C,0,119,139,spot
PANTONE 3155 C,0,98,114,spot
PANTONE 3165 C,0,79,89,spot
PANTONE 7709 C,99,177,188,spot
PANTONE 7710 C,0,167,181,spot
PANTONE 7711 C,0,151,169,spot
PANTONE 7712 C,0,133,155,spot
PANTONE 7713 C,0,125,138,spot
PANTONE 7714 C,0,118,128,spot
PANTONE 7715 C,0,98,105,spot
PANTONE 2218 C,114,176,189,spot
PANTONE 2219 C,92,163,179,spot
PANTONE 2220 C,71,151,168,spot
PANTONE 2221 C,45,140,158,spot
PANTONE 2222 C,29,130,150,spot
PANTONE 2223 C,0,120,141,spot
PANTONE 2224 C,0,105,128,spot
PANTONE 317 C,177,228,227,spot
PANTONE 318 C,136,219,223,spot
PANTONE 319 C,45,204,211,spot
PANTONE 320 C,0,156,166,spot
PANTONE 321 C,0,140,149,spot
PANTONE 322 C,0,115,119,spot
PANTONE 323 C,0,95,97,spot
PANTONE 2225 C,120,213,225,spot
PANTONE 2226 C,60,203,218,spot
PANTONE 2227 C,89,190,201,spot
PANTONE 2228 C,0,165,189,spot
PANTONE 2229 C,0,156,182,spot
PANTONE 2230 C,0,140,160,spot
PANTONE 2231 C,0,124,145,spot
PANTONE 7464 C,160,209,202,spot
PANTONE 7465 C,64,193,172,spot
PANTONE 7466 C,0,176,185,spot
PANTONE 7467 C,0,163,173,spot
PANTONE 7468 C,0,115,152,spot
PANTONE 7469 C,0,95,134,spot
PANTONE 7470 C,0,90,112,spot
PANTONE 7471 C,126,221,211,spot
PANTONE 7472 C,92,184,178,spot
PANTONE 7473 C,39,153,137,spot
PANTONE 7474 C,0,118,129,spot
PANTONE 7475 C,72,122,123,spot
PANTONE 7476 C,13,82,87,spot
PANTONE 7477 C,36,76,90,spot
PANTONE 2211 C,111,155,164,spot
PANTONE 2212 C,80,133,144,spot
PANTONE 2213 C,51,112,121,spot
PANTONE 2214 C,47,111,122,spot
PANTONE 2215 C,46,86,101,spot
PANTONE 2216 C,46,77,88,spot
PANTONE 2217 C,0,58,64,spot
PANTONE 5523 C,182,207,208,spot
PANTONE 5513 C,171,199,202,spot
PANTONE 5503 C,148,183,187,spot
PANTONE 5493 C,127,169,174,spot
PANTONE 5483 C,79,134,142,spot
PANTONE 5473 C,17,94,103,spot
PANTONE 5463 C,7,39,45,spot
PANTONE 2232 C,113,176,180,spot
PANTONE 2233 C,88,167,175,spot
PANTONE 2234 C,79,159,166,spot
PANTONE 2235 C,40,147,157,spot
PANTONE 2236 C,44,145,153,spot
PANTONE 2237 C,5,134,142,spot
PANTONE 2238 C,0,105,117,spot
PANTONE 7716 C,0,150,143,spot
PANTONE 7717 C,0,133,125,spot
PANTONE 7718 C,0,118,114,spot
PANTONE 7719 C,0,109,104,spot
PANTONE 7720 C,0,99,91,spot
PANTONE 7721 C,0,94,93,spot
PANTONE 7722 C,0,81,81,spot
PANTONE 324 C,156,219,217,spot
PANTONE 325 C,100,204,201,spot
PANTONE 326 C,0,178,169,spot
PANTONE 327 C,0,134,117,spot
PANTONE 328 C,0,115,103,spot
PANTONE 329 C,0,104,94,spot
PANTONE 330 C,0,83,76,spot
PANTONE 3242 C,113,219,212,spot
PANTONE 3252 C,42,210,201,spot
PANTONE 3262 C,0,191,179,spot
PANTONE 3272 C,0,164,153,spot
PANTONE 3282 C,0,133,120,spot
PANTONE 3292 C,0,89,79,spot
PANTONE 3302 C,0,76,69,spot
PANTONE 2397 C,0,183,189,spot
PANTONE 2398 C,0,186,179,spot
PANTONE 2399 C,0,172,160,spot
PANTONE 2400 C,0,176,151,spot
PANTONE 2401 C,52,167,152,spot
PANTONE 2402 C,0,157,133,spot
PANTONE 2403 C,0,137,123,spot
PANTONE 3245 C,124,224,211,spot
PANTONE 3255 C,44,213,196,spot
PANTONE 3265 C,0,199,177,spot
PANTONE 3275 C,0,179,152,spot
PANTONE 3285 C,0,150,129,spot
PANTONE 3295 C,0,120,100,spot
PANTONE 3305 C,0,78,66,spot
PANTONE 3248 C,109,205,184,spot
PANTONE 3258 C,73,197,177,spot
PANTONE 3268 C,0,171,142,spot
PANTONE 3278 C,0,155,119,spot
PANTONE 3288 C,0,130,100,spot
PANTONE 3298 C,0,106,82,spot
PANTONE 3308 C,3,70,56,spot
PANTONE 566 C,185,220,210,spot
PANTONE 565 C,161,214,202,spot
PANTONE 564 C,134,200,188,spot
PANTONE 563 C,107,187,174,spot
PANTONE 562 C,0,111,98,spot
PANTONE 561 C,0,89,76,spot
PANTONE 560 C,29,60,52,spot
PANTONE 573 C,181,227,216,spot
PANTONE 572 C,165,223,211,spot
PANTONE 571 C,152,219,206,spot
PANTONE 570 C,107,202,186,spot
PANTONE 569 C,0,129,109,spot
PANTONE 568 C,0,108,91,spot
PANTONE 567 C,23,63,53,spot
PANTONE 559 C,173,202,184,spot
PANTONE 558 C,154,190,170,spot
PANTONE 557 C,133,176,154,spot
PANTONE 556 C,111,162,135,spot
PANTONE 555 C,40,114,79,spot
PANTONE 554 C,32,92,64,spot
PANTONE 553 C,40,71,52,spot
PANTONE 2404 C,165,185,156,spot
PANTONE 2406 C,129,158,135,spot
PANTONE 2407 C,107,141,115,spot
PANTONE 2408 C,73,123,85,spot
PANTONE 2409 C,78,101,72,spot
PANTONE 2410 C,68,90,62,spot
PANTONE 2411 C,28,66,32,spot
PANTONE 5595 C,191,206,194,spot
PANTONE 5585 C,167,189,177,spot
PANTONE 5575 C,146,172,160,spot
PANTONE 5565 C,127,156,144,spot
PANTONE 5555 C,92,127,113,spot
PANTONE 5545 C,67,105,91,spot
PANTONE 5535 C,24,48,40,spot
PANTONE 5665 C,186,197,185,spot
PANTONE 5655 C,176,189,176,spot
PANTONE 5645 C,163,178,164,spot
PANTONE 5635 C,148,165,150,spot
PANTONE 5625 C,112,133,115,spot
PANTONE 5615 C,94,116,97,spot
PANTONE 5605 C,34,55,43,spot
PANTONE 5527 C,188,201,197,spot
PANTONE 5517 C,177,192,188,spot
PANTONE 5507 C,157,176,172,spot
PANTONE 5497 C,130,153,149,spot
PANTONE 5487 C,93,121,117,spot
PANTONE 5477 C,62,93,88,spot
PANTONE 5467 C,24,51,47,spot
PANTONE 621 C,209,224,215,spot
PANTONE 622 C,183,205,194,spot
PANTONE 623 C,154,185,173,spot
PANTONE 624 C,120,159,144,spot
PANTONE 625 C,80,127,112,spot
PANTONE 626 C,40,92,77,spot
PANTONE 627 C,19,50,43,spot
PANTONE 331 C,167,230,215,spot
PANTONE 332 C,140,226,208,spot
PANTONE 333 C,60,219,192,spot
PANTONE Green C,0,171,132,spot
PANTONE 334 C,0,151,117,spot
PANTONE 335 C,0,123,95,spot
PANTONE 336 C,0,102,79,spot
PANTONE 2239 C,0,207,180,spot
PANTONE 2240 C,0,193,159,spot
PANTONE 2241 C,88,162,145,spot
PANTONE 2242 C,0,163,118,spot
PANTONE 2243 C,0,149,122,spot
PANTONE 2244 C,27,128,109,spot
PANTONE 2245 C,0,134,85,spot
PANTONE 337 C,143,214,189,spot
PANTONE 338 C,110,206,178,spot
PANTONE 339 C,0,179,136,spot
PANTONE 340 C,0,150,94,spot
PANTONE 341 C,0,122,83,spot
PANTONE 342 C,0,103,71,spot
PANTONE 343 C,17,87,64,spot
PANTONE 7723 C,80,166,132,spot
PANTONE 7724 C,0,150,108,spot
PANTONE 7725 C,0,135,85,spot
PANTONE 7726 C,0,123,75,spot
PANTONE 7727 C,0,111,68,spot
PANTONE 7728 C,0,104,69,spot
PANTONE 7729 C,0,88,68,spot
PANTONE 3375 C,122,225,191,spot
PANTONE 3385 C,71,215,172,spot
PANTONE 3395 C,0,195,137,spot
PANTONE 3405 C,0,175,102,spot
PANTONE 3415 C,0,119,73,spot
PANTONE 3425 C,0,99,65,spot
PANTONE 3435 C,21,71,52,spot
PANTONE 2246 C,168,213,186,spot
PANTONE 2247 C,119,193,154,spot
PANTONE 2248 C,113,183,144,spot
PANTONE 2249 C,92,170,127,spot
PANTONE 2250 C,0,179,115,spot
PANTONE 2251 C,0,173,111,spot
PANTONE 2252 C,0,167,74,spot
PANTONE 2412 C,72,213,151,spot
PANTONE 2413 C,52,183,143,spot
PANTONE 2414 C,0,187,126,spot
PANTONE 2416 C,0,177,118,spot
PANTONE 2417 C,36,158,107,spot
PANTONE 2418 C,0,135,62,spot
PANTONE 2419 C,0,124,88,spot
PANTONE 344 C,160,218,179,spot
PANTONE 345 C,145,214,172,spot
PANTONE 346 C,113,204,152,spot
PANTONE 347 C,0,154,68,spot
PANTONE 348 C,0,132,61,spot
PANTONE 349 C,4,106,56,spot
PANTONE 350 C,44,82,52,spot
PANTONE 351 C,162,228,184,spot
PANTONE 352 C,143,226,176,spot
PANTONE 353 C,128,224,167,spot
PANTONE 354 C,0,177,64,spot
PANTONE 355 C,0,150,57,spot
PANTONE 356 C,0,122,51,spot
PANTONE 357 C,33,87,50,spot
PANTONE 7478 C,155,227,191,spot
PANTONE 7479 C,38,208,124,spot
PANTONE 7480 C,0,191,111,spot
PANTONE 7481 C,0,183,79,spot
PANTONE 7482 C,0,159,77,spot
PANTONE 7483 C,39,93,56,spot
PANTONE 7484 C,0,87,63,spot
PANTONE 2253 C,189,233,201,spot
PANTONE 2254 C,173,223,179,spot
PANTONE 2255 C,134,210,149,spot
PANTONE 2256 C,86,194,113,spot
PANTONE 2257 C,0,173,80,spot
PANTONE 2258 C,0,133,34,spot
PANTONE 2259 C,2,114,35,spot
PANTONE 7730 C,75,149,96,spot
PANTONE 7731 C,34,136,72,spot
PANTONE 7732 C,0,122,62,spot
PANTONE 7733 C,0,112,65,spot
PANTONE 7734 C,40,97,64,spot
PANTONE 7735 C,54,87,59,spot
PANTONE 7736 C,57,85,66,spot
PANTONE 7737 C,107,165,57,spot
PANTONE 7738 C,72,162,63,spot
PANTONE 7739 C,49,155,66,spot
PANTONE 7740 C,58,145,63,spot
PANTONE 7741 C,68,136,62,spot
PANTONE 7742 C,74,119,60,spot
PANTONE 7743 C,68,105,61,spot
PANTONE 2260 C,182,207,174,spot
PANTONE 2261 C,154,187,145,spot
PANTONE 2262 C,140,172,137,spot
PANTONE 2263 C,116,149,108,spot
PANTONE 2264 C,107,149,96,spot
PANTONE 2265 C,92,126,81,spot
PANTONE 2266 C,51,85,37,spot
PANTONE 358 C,173,220,145,spot
PANTONE 359 C,161,216,132,spot
PANTONE 360 C,108,194,74,spot
PANTONE 361 C,67,176,42,spot
PANTONE 362 C,80,158,47,spot
PANTONE 363 C,76,140,43,spot
PANTONE 364 C,74,119,41,spot
PANTONE 2267 C,155,225,152,spot
PANTONE 2268 C,121,217,124,spot
PANTONE 2269 C,124,204,108,spot
PANTONE 2270 C,45,200,77,spot
PANTONE 2271 C,0,187,49,spot
PANTONE 2272 C,0,154,23,spot
PANTONE 2273 C,37,114,38,spot
PANTONE 2420 C,0,198,94,spot
PANTONE 2421 C,49,183,0,spot
PANTONE 2422 C,0,168,45,spot
PANTONE 2423 C,0,170,19,spot
PANTONE 2424 C,39,159,0,spot
PANTONE 2426 C,0,140,21,spot
PANTONE 2427 C,3,95,29,spot
PANTONE 7485 C,208,222,187,spot
PANTONE 7486 C,188,225,148,spot
PANTONE 7487 C,142,221,101,spot
PANTONE 7488 C,120,214,75,spot
PANTONE 7489 C,116,170,80,spot
PANTONE 7490 C,113,153,73,spot
PANTONE 7491 C,121,134,60,spot
PANTONE 2274 C,207,220,177,spot
PANTONE 2275 C,195,220,147,spot
PANTONE 2276 C,137,168,79,spot
PANTONE 2277 C,85,149,27,spot
PANTONE 2278 C,78,128,31,spot
PANTONE 2279 C,94,126,41,spot
PANTONE 2280 C,74,106,29,spot
PANTONE 365 C,194,225,137,spot
PANTONE 366 C,183,221,121,spot
PANTONE 367 C,164,214,94,spot
PANTONE 368 C,120,190,32,spot
PANTONE 369 C,100,167,11,spot
PANTONE 370 C,101,141,27,spot
PANTONE 371 C,84,98,35,spot
PANTONE 2281 C,217,234,154,spot
PANTONE 2282 C,199,233,149,spot
PANTONE 2283 C,167,225,99,spot
PANTONE 2284 C,179,213,125,spot
PANTONE 2285 C,147,218,73,spot
PANTONE 2286 C,122,204,0,spot
PANTONE 2287 C,91,197,0,spot
PANTONE 372 C,212,235,142,spot
PANTONE 373 C,205,234,128,spot
PANTONE 374 C,197,232,108,spot
PANTONE 375 C,151,215,0,spot
PANTONE 376 C,132,189,0,spot
PANTONE 377 C,122,154,1,spot
PANTONE 378 C,89,98,29,spot
PANTONE 2288 C,200,227,121,spot
PANTONE 2289 C,197,217,122,spot
PANTONE 2290 C,170,219,30,spot
PANTONE 2291 C,167,213,0,spot
PANTONE 2292 C,147,201,14,spot
PANTONE 2293 C,139,196,0,spot
PANTONE 2294 C,120,170,0,spot
PANTONE 2295 C,224,236,137,spot
PANTONE 2296 C,214,232,101,spot
PANTONE 2297 C,192,223,22,spot
PANTONE 2298 C,183,219,87,spot
PANTONE 2299 C,164,210,51,spot
PANTONE 2300 C,169,194,63,spot
PANTONE 2301 C,143,173,21,spot
PANTONE 580 C,196,214,164,spot
PANTONE 579 C,188,209,155,spot
PANTONE 578 C,183,206,149,spot
PANTONE 577 C,169,196,127,spot
PANTONE 576 C,120,157,74,spot
PANTONE 575 C,103,130,58,spot
PANTONE 574 C,78,91,49,spot
PANTONE 5807 C,208,209,171,spot
PANTONE 5797 C,198,200,155,spot
PANTONE 5787 C,186,189,139,spot
PANTONE 5777 C,162,165,105,spot
PANTONE 5767 C,138,141,74,spot
PANTONE 5757 C,109,113,46,spot
PANTONE 5747 C,61,68,30,spot
PANTONE 5875 C,210,206,158,spot
PANTONE 5865 C,203,199,147,spot
PANTONE 5855 C,192,187,135,spot
PANTONE 5845 C,175,169,110,spot
PANTONE 5835 C,160,153,88,spot
PANTONE 5825 C,137,129,61,spot
PANTONE 5815 C,85,80,37,spot
PANTONE 5803 C,195,198,168,spot
PANTONE 5793 C,179,185,149,spot
PANTONE 5783 C,163,170,131,spot
PANTONE 5773 C,137,144,100,spot
PANTONE 5763 C,115,123,76,spot
PANTONE 5753 C,94,103,56,spot
PANTONE 5743 C,62,72,39,spot
PANTONE 7492 C,191,204,128,spot
PANTONE 7493 C,187,197,146,spot
PANTONE 7494 C,156,175,136,spot
PANTONE 7495 C,143,153,62,spot
PANTONE 7496 C,118,136,29,spot
PANTONE 7497 C,122,114,86,spot
PANTONE 7498 C,91,98,54,spot
PANTONE 2302 C,174,184,98,spot
PANTONE 2303 C,158,179,86,spot
PANTONE 2304 C,160,171,77,spot
PANTONE 2305 C,158,167,0,spot
PANTONE 2306 C,128,140,36,spot
PANTONE 2307 C,104,111,18,spot
PANTONE 2308 C,93,85,29,spot
PANTONE 7744 C,186,188,22,spot
PANTONE 7745 C,171,173,35,spot
PANTONE 7746 C,153,155,48,spot
PANTONE 7747 C,136,141,48,spot
PANTONE 7748 C,124,128,52,spot
PANTONE 7749 C,114,115,55,spot
PANTONE 7750 C,101,102,53,spot
PANTONE 379 C,226,232,104,spot
PANTONE 380 C,219,228,66,spot
PANTONE 381 C,206,220,0,spot
PANTONE 382 C,196,214,0,spot
PANTONE 383 C,168,173,0,spot
PANTONE 384 C,148,147,0,spot
PANTONE 385 C,120,113,33,spot
PANTONE 386 C,233,236,107,spot
PANTONE 387 C,227,233,53,spot
PANTONE 388 C,224,231,33,spot
PANTONE 389 C,208,223,0,spot
PANTONE 390 C,181,189,0,spot
PANTONE 391 C,154,149,0,spot
PANTONE 392 C,130,122,4,spot
PANTONE 587 C,227,228,141,spot
PANTONE 586 C,224,226,124,spot
PANTONE 585 C,219,222,112,spot
PANTONE 584 C,210,215,85,spot
PANTONE 583 C,183,191,16,spot
PANTONE 582 C,142,140,19,spot
PANTONE 581 C,98,93,32,spot
PANTONE 393 C,240,236,116,spot
PANTONE 394 C,237,233,57,spot
PANTONE 395 C,236,232,26,spot
PANTONE 396 C,225,224,0,spot
PANTONE 397 C,191,184,0,spot
PANTONE 398 C,173,164,0,spot
PANTONE 399 C,160,146,0,spot
PANTONE 3935 C,243,234,93,spot
PANTONE 3945 C,243,229,0,spot
PANTONE 3955 C,239,223,0,spot
PANTONE 3965 C,238,220,0,spot
PANTONE 3975 C,187,166,0,spot
PANTONE 3985 C,154,135,0,spot
PANTONE 3995 C,104,92,32,spot
PANTONE 600 C,241,235,156,spot
PANTONE 601 C,240,233,145,spot
PANTONE 602 C,240,232,123,spot
PANTONE 603 C,237,224,75,spot
PANTONE 604 C,234,218,36,spot
PANTONE 605 C,225,205,0,spot
PANTONE 606 C,207,181,0,spot
PANTONE 607 C,235,228,154,spot
PANTONE 608 C,233,225,134,spot
PANTONE 609 C,230,222,119,spot
PANTONE 610 C,225,213,85,spot
PANTONE 611 C,215,200,38,spot
PANTONE 612 C,196,176,0,spot
PANTONE 613 C,179,155,0,spot
PANTONE 461 C,233,223,151,spot
PANTONE 460 C,228,215,126,spot
PANTONE 459 C,222,205,99,spot
PANTONE 458 C,217,199,86,spot
PANTONE 457 C,184,157,24,spot
PANTONE 456 C,162,142,42,spot
PANTONE 455 C,105,91,36,spot
PANTONE 614 C,220,213,154,spot
PANTONE 615 C,214,207,141,spot
PANTONE 616 C,208,200,131,spot
PANTONE 617 C,192,181,97,spot
PANTONE 618 C,172,159,60,spot
PANTONE 619 C,159,145,42,spot
PANTONE 620 C,138,123,25,spot
PANTONE 7751 C,202,182,75,spot
PANTONE 7752 C,207,176,35,spot
PANTONE 7753 C,193,160,30,spot
PANTONE 7754 C,160,134,41,spot
PANTONE 7755 C,137,118,48,spot
PANTONE 7756 C,115,102,53,spot
PANTONE 7757 C,103,94,51,spot
PANTONE 7758 C,212,195,4,spot
PANTONE 7759 C,196,178,0,spot
PANTONE 7760 C,145,133,44,spot
PANTONE 7761 C,116,113,54,spot
PANTONE 7762 C,93,100,57,spot
PANTONE 7763 C,88,92,59,spot
PANTONE 7764 C,83,84,53,spot
PANTONE 7765 C,187,179,35,spot
PANTONE 7766 C,180,169,31,spot
PANTONE 7767 C,170,157,46,spot
PANTONE 7768 C,143,126,53,spot
PANTONE 7769 C,113,97,53,spot
PANTONE 7770 C,99,89,57,spot
PANTONE 7771 C,78,73,52,spot
PANTONE 4545 C,213,203,159,spot
PANTONE 4535 C,207,196,147,spot
PANTONE 4525 C,197,183,131,spot
PANTONE 4515 C,179,163,105,spot
PANTONE 4505 C,153,133,66,spot
PANTONE 4495 C,140,119,50,spot
PANTONE 4485 C,97,79,37,spot
PANTONE 2323 C,184,178,152,spot
PANTONE 2324 C,178,163,132,spot
PANTONE 2325 C,160,144,116,spot
PANTONE 2326 C,139,124,94,spot
PANTONE 2327 C,131,121,88,spot
PANTONE 2328 C,120,103,72,spot
PANTONE 2329 C,104,89,60,spot
PANTONE 454 C,202,199,167,spot
PANTONE 453 C,191,187,152,spot
PANTONE 452 C,176,170,126,spot
PANTONE 451 C,155,148,95,spot
PANTONE 450 C,89,74,37,spot
PANTONE 449 C,82,71,39,spot
PANTONE 448 C,74,65,42,spot
PANTONE 7499 C,241,230,178,spot
PANTONE 7500 C,223,209,167,spot
PANTONE 7501 C,217,200,158,spot
PANTONE 7502 C,206,184,136,spot
PANTONE 7503 C,168,153,104,spot
PANTONE 7504 C,148,121,93,spot
PANTONE 7505 C,129,96,64,spot
PANTONE 468 C,221,203,164,spot
PANTONE 467 C,211,188,141,spot
PANTONE 466 C,198,170,118,spot
PANTONE 465 C,185,151,91,spot
PANTONE 464 C,139,91,41,spot
PANTONE 463 C,116,79,40,spot
PANTONE 462 C,92,70,43,spot
PANTONE 7506 C,239,219,178,spot
PANTONE 7507 C,252,210,153,spot
PANTONE 7508 C,225,184,127,spot
PANTONE 7509 C,214,164,97,spot
PANTONE 7510 C,198,137,63,spot
PANTONE 7511 C,183,119,41,spot
PANTONE 7512 C,166,99,27,spot
PANTONE 719 C,237,200,163,spot
PANTONE 720 C,231,183,138,spot
PANTONE 721 C,221,164,111,spot
PANTONE 722 C,200,130,66,spot
PANTONE 723 C,179,105,36,spot
PANTONE 724 C,147,77,17,spot
PANTONE 725 C,125,63,22,spot
PANTONE 475 C,243,207,179,spot
PANTONE 474 C,241,198,167,spot
PANTONE 473 C,240,191,155,spot
PANTONE 472 C,229,158,109,spot
PANTONE 471 C,184,97,37,spot
PANTONE 470 C,164,90,42,spot
PANTONE 469 C,105,63,35,spot
PANTONE 726 C,224,192,159,spot
PANTONE 727 C,217,180,143,spot
PANTONE 728 C,205,160,119,spot
PANTONE 729 C,181,129,80,spot
PANTONE 730 C,158,101,46,spot
PANTONE 731 C,119,66,18,spot
PANTONE 732 C,98,52,18,spot
PANTONE 2316 C,189,154,122,spot
PANTONE 2317 C,180,135,94,spot
PANTONE 2318 C,164,116,73,spot
PANTONE 2319 C,140,92,48,spot
PANTONE 2320 C,113,70,35,spot
PANTONE 2321 C,111,81,55,spot
PANTONE 2322 C,78,53,36,spot
PANTONE 2309 C,231,206,181,spot
PANTONE 2310 C,217,192,169,spot
PANTONE 2311 C,205,167,134,spot
PANTONE 2312 C,183,154,129,spot
PANTONE 2313 C,195,147,103,spot
PANTONE 2314 C,172,118,68,spot
PANTONE 2315 C,145,73,16,spot
PANTONE 4685 C,224,198,173,spot
PANTONE 4675 C,220,191,166,spot
PANTONE 4665 C,205,167,136,spot
PANTONE 4655 C,191,148,116,spot
PANTONE 4645 C,173,124,89,spot
PANTONE 4635 C,148,96,55,spot
PANTONE 4625 C,79,44,29,spot
PANTONE 7513 C,225,183,167,spot
PANTONE 7514 C,213,162,134,spot
PANTONE 7515 C,197,139,104,spot
PANTONE 7516 C,153,85,43,spot
PANTONE 7517 C,133,67,30,spot
PANTONE 7518 C,109,79,71,spot
PANTONE 7519 C,94,75,60,spot
PANTONE 4755 C,215,196,183,spot
PANTONE 4745 C,205,181,167,spot
PANTONE 4735 C,192,163,146,spot
PANTONE 4725 C,174,138,121,spot
PANTONE 4715 C,149,108,88,spot
PANTONE 4705 C,124,77,58,spot
PANTONE 4695 C,91,52,39,spot
PANTONE 482 C,219,200,182,spot
PANTONE 481 C,211,187,168,spot
PANTONE 480 C,198,169,146,spot
PANTONE 479 C,170,128,102,spot
PANTONE 478 C,112,63,42,spot
PANTONE 477 C,98,59,42,spot
PANTONE 476 C,78,54,41,spot
PANTONE 7527 C,214,210,196,spot
PANTONE 7528 C,197,185,172,spot
PANTONE 7529 C,183,169,154,spot
PANTONE 7530 C,163,147,130,spot
PANTONE 7531 C,122,104,85,spot
PANTONE 7532 C,99,81,61,spot
PANTONE 7533 C,71,55,41,spot
PANTONE 7534 C,209,204,189,spot
PANTONE 7535 C,183,176,156,spot
PANTONE 7536 C,166,159,136,spot
PANTONE 7537 C,167,172,162,spot
PANTONE 7538 C,148,154,144,spot
PANTONE 7539 C,142,144,137,spot
PANTONE 7540 C,75,79,84,spot
PANTONE 427 C,208,211,212,spot
PANTONE 428 C,193,198,200,spot
PANTONE 429 C,162,170,173,spot
PANTONE 430 C,124,135,142,spot
PANTONE 431 C,91,103,112,spot
PANTONE 432 C,51,63,72,spot
PANTONE 433 C,29,37,45,spot
PANTONE 420 C,199,201,199,spot
PANTONE 421 C,178,180,178,spot
PANTONE 422 C,158,162,162,spot
PANTONE 423 C,137,141,141,spot
PANTONE 424 C,112,115,114,spot
PANTONE 425 C,84,88,90,spot
PANTONE 426 C,37,40,42,spot
PANTONE 441 C,190,198,196,spot
PANTONE 442 C,162,172,171,spot
PANTONE 443 C,145,157,157,spot
PANTONE 444 C,113,124,125,spot
PANTONE 445 C,80,87,89,spot
PANTONE 446 C,63,68,68,spot
PANTONE 447 C,55,58,54,spot
PANTONE 413 C,186,187,177,spot
PANTONE 414 C,168,169,158,spot
PANTONE 415 C,145,147,136,spot
PANTONE 416 C,126,127,116,spot
PANTONE 417 C,101,102,92,spot
PANTONE 418 C,81,83,74,spot
PANTONE 419 C,33,35,34,spot
PANTONE 2330 C,207,205,201,spot
PANTONE 2331 C,174,168,165,spot
PANTONE 2332 C,140,137,133,spot
PANTONE 2333 C,113,110,106,spot
PANTONE 2334 C,108,100,99,spot
PANTONE 2335 C,94,79,71,spot
PANTONE 2336 C,78,75,72,spot
PANTONE 400 C,196,191,182,spot
PANTONE 401 C,175,169,160,spot
PANTONE 402 C,157,150,141,spot
PANTONE 403 C,140,133,123,spot
PANTONE 404 C,119,110,100,spot
PANTONE 405 C,105,97,88,spot
PANTONE Black C,45,41,38,spot
PANTONE 406 C,196,188,183,spot
PANTONE 407 C,178,168,162,spot
PANTONE 408 C,151,140,135,spot
PANTONE 409 C,133,120,116,spot
PANTONE 410 C,116,102,97,spot
PANTONE 411 C,94,81,77,spot
PANTONE 412 C,56,47,45,spot
PANTONE 434 C,208,196,197,spot
PANTONE 435 C,193,178,182,spot
PANTONE 436 C,171,152,157,spot
PANTONE 437 C,123,100,105,spot
PANTONE 438 C,88,68,70,spot
PANTONE 439 C,69,53,54,spot
PANTONE 440 C,56,46,44,spot
PANTONE 4001 C,233,219,156,spot
PANTONE 4002 C,220,198,129,spot
PANTONE 4003 C,213,200,151,spot
PANTONE 4004 C,201,183,119,spot
PANTONE 4005 C,192,173,123,spot
PANTONE 4006 C,187,163,112,spot
PANTONE 4007 C,173,150,95,spot
PANTONE 4008 C,244,175,35,spot
PANTONE 4009 C,241,156,73,spot
PANTONE 4010 C,229,105,16,spot
PANTONE 4011 C,222,117,76,spot
PANTONE 4012 C,234,115,61,spot
PANTONE 4013 C,204,108,39,spot
PANTONE 4014 C,184,103,72,spot
PANTONE 4015 C,211,199,99,spot
PANTONE 4016 C,213,191,57,spot
PANTONE 4017 C,222,184,59,spot
PANTONE 4018 C,209,178,73,spot
PANTONE 4019 C,194,168,77,spot
PANTONE 4020 C,191,159,0,spot
PANTONE 4021 C,175,147,53,spot
PANTONE 4022 C,206,180,126,spot
PANTONE 4023 C,210,180,103,spot
PANTONE 4024 C,212,173,103,spot
PANTONE 4025 C,215,160,72,spot
PANTONE 4026 C,188,140,61,spot
PANTONE 4027 C,142,99,32,spot
PANTONE 4028 C,131,96,43,spot
PANTONE 4029 C,233,205,165,spot
PANTONE 4030 C,241,202,173,spot
PANTONE 4031 C,234,203,187,spot
PANTONE 4032 C,245,202,191,spot
PANTONE 4033 C,247,188,172,spot
PANTONE 4034 C,203,149,118,spot
PANTONE 4035 C,199,150,116,spot
PANTONE 4036 C,192,154,151,spot
PANTONE 4037 C,180,125,117,spot
PANTONE 4038 C,177,115,104,spot
PANTONE 4039 C,173,105,96,spot
PANTONE 4040 C,149,106,100,spot
PANTONE 4041 C,129,94,88,spot
PANTONE 4042 C,122,93,83,spot
PANTONE 4043 C,225,196,174,spot
PANTONE 4044 C,196,162,138,spot
PANTONE 4045 C,186,150,130,spot
PANTONE 4046 C,178,151,128,spot
PANTONE 4047 C,171,140,117,spot
PANTONE 4048 C,161,130,105,spot
PANTONE 4049 C,150,130,109,spot
PANTONE 4050 C,217,172,149,spot
PANTONE 4051 C,223,136,119,spot
PANTONE 4052 C,218,136,121,spot
PANTONE 4053 C,207,123,105,spot
PANTONE 4054 C,169,83,63,spot
PANTONE 4055 C,165,83,67,spot
PANTONE 4056 C,135,79,71,spot
PANTONE 4057 C,226,102,92,spot
PANTONE 4058 C,228,75,85,spot
PANTONE 4059 C,193,47,65,spot
PANTONE 4060 C,189,55,66,spot
PANTONE 4061 C,189,98,94,spot
PANTONE 4062 C,168,69,68,spot
PANTONE 4063 C,155,63,52,spot
PANTONE 4064 C,235,180,187,spot
PANTONE 4065 C,228,174,177,spot
PANTONE 4066 C,234,160,156,spot
PANTONE 4067 C,232,158,157,spot
PANTONE 4068 C,228,143,147,spot
PANTONE 4069 C,199,78,97,spot
PANTONE 4070 C,181,59,80,spot
PANTONE 4071 C,207,135,157,spot
PANTONE 4072 C,223,122,153,spot
PANTONE 4073 C,198,71,113,spot
PANTONE 4074 C,125,27,73,spot
PANTONE 4075 C,130,53,80,spot
PANTONE 4076 C,130,66,89,spot
PANTONE 4077 C,131,69,83,spot
PANTONE 4078 C,231,193,213,spot
PANTONE 4079 C,205,167,193,spot
PANTONE 4080 C,208,176,202,spot
PANTONE 4081 C,175,144,167,spot
PANTONE 4082 C,168,101,144,spot
PANTONE 4083 C,134,89,145,spot
PANTONE 4084 C,113,60,98,spot
PANTONE 4085 C,200,183,173,spot
PANTONE 4086 C,188,165,165,spot
PANTONE 4087 C,183,159,151,spot
PANTONE 4088 C,168,139,128,spot
PANTONE 4089 C,164,140,136,spot
PANTONE 4090 C,143,115,104,spot
PANTONE 4091 C,123,96,94,spot
PANTONE 4092 C,202,167,181,spot
PANTONE 4093 C,174,144,147,spot
PANTONE 4094 C,145,105,118,spot
PANTONE 4095 C,139,90,107,spot
PANTONE 4096 C,120,73,77,spot
PANTONE 4097 C,116,77,81,spot
PANTONE 4098 C,101,68,61,spot
PANTONE 4099 C,172,133,132,spot
PANTONE 4100 C,126,77,77,spot
PANTONE 4101 C,98,33,40,spot
PANTONE 4102 C,85,28,37,spot
PANTONE 4103 C,81,37,47,spot
PANTONE 4104 C,84,58,59,spot
PANTONE 4105 C,102,63,52,spot
PANTONE 4106 C,196,170,178,spot
PANTONE 4107 C,173,146,164,spot
PANTONE 4108 C,165,132,150,spot
PANTONE 4109 C,158,120,137,spot
PANTONE 4110 C,138,109,127,spot
PANTONE 4111 C,124,87,106,spot
PANTONE 4112 C,140,109,115,spot
PANTONE 4113 C,163,141,145,spot
PANTONE 4114 C,155,140,146,spot
PANTONE 4115 C,148,128,130,spot
PANTONE 4116 C,152,131,131,spot
PANTONE 4117 C,114,100,119,spot
PANTONE 4118 C,70,57,78,spot
PANTONE 4119 C,64,56,69,spot
PANTONE 4120 C,184,172,208,spot
PANTONE 4121 C,155,139,181,spot
PANTONE 4122 C,119,108,177,spot
PANTONE 4123 C,165,167,188,spot
PANTONE 4124 C,143,145,176,spot
PANTONE 4125 C,95,94,119,spot
PANTONE 4126 C,81,65,99,spot
PANTONE 4127 C,128,129,148,spot
PANTONE 4128 C,110,113,133,spot
PANTONE 4129 C,103,111,127,spot
PANTONE 4130 C,81,90,108,spot
PANTONE 4131 C,72,75,93,spot
PANTONE 4132 C,59,58,74,spot
PANTONE 4133 C,59,59,70,spot
PANTONE 4134 C,160,162,176,spot
PANTONE 4135 C,123,133,155,spot
PANTONE 4136 C,96,110,129,spot
PANTONE 4137 C,71,93,118,spot
PANTONE 4138 C,76,95,113,spot
PANTONE 4139 C,79,90,107,spot
PANTONE 4140 C,57,61,71,spot
PANTONE 4141 C,73,100,162,spot
PANTONE 4142 C,61,78,128,spot
PANTONE 4143 C,67,85,112,spot
PANTONE 4144 C,58,58,89,spot
PANTONE 4145 C,46,51,78,spot
PANTONE 4146 C,27,29,54,spot
PANTONE 4147 C,38,33,63,spot
PANTONE 4148 C,97,151,176,spot
PANTONE 4149 C,138,170,197,spot
PANTONE 4150 C,81,125,185,spot
PANTONE 4151 C,0,103,172,spot
PANTONE 4152 C,19,81,147,spot
PANTONE 4153 C,26,78,138,spot
PANTONE 4154 C,14,65,116,spot
PANTONE 4155 C,185,201,204,spot
PANTONE 4156 C,151,191,203,spot
PANTONE 4157 C,101,174,193,spot
PANTONE 4158 C,56,127,151,spot
PANTONE 4159 C,0,86,131,spot
PANTONE 4160 C,0,72,96,spot
PANTONE 4161 C,48,76,90,spot
PANTONE 4162 C,168,211,196,spot
PANTONE 4163 C,143,202,185,spot
PANTONE 4164 C,28,129,114,spot
PANTONE 4165 C,29,105,96,spot
PANTONE 4166 C,65,117,113,spot
PANTONE 4167 C,50,100,92,spot
PANTONE 4168 C,36,69,69,spot
PANTONE 4169 C,182,200,194,spot
PANTONE 4170 C,164,189,186,spot
PANTONE 4171 C,155,185,181,spot
PANTONE 4172 C,129,176,170,spot
PANTONE 4173 C,132,196,192,spot
PANTONE 4174 C,131,193,192,spot
PANTONE 4175 C,147,187,194,spot
PANTONE 4176 C,196,206,194,spot
PANTONE 4177 C,187,190,174,spot
PANTONE 4178 C,168,175,153,spot
PANTONE 4179 C,150,164,128,spot
PANTONE 4180 C,143,153,128,spot
PANTONE 4181 C,115,134,112,spot
PANTONE 4182 C,106,120,102,spot
PANTONE 4183 C,185,193,180,spot
PANTONE 4184 C,154,171,158,spot
PANTONE 4185 C,136,162,154,spot
PANTONE 4186 C,106,142,137,spot
PANTONE 4187 C,104,124,123,spot
PANTONE 4188 C,68,93,92,spot
PANTONE 4189 C,28,74,80,spot
PANTONE 4190 C,167,178,163,spot
PANTONE 4191 C,148,165,158,spot
PANTONE 4192 C,133,149,135,spot
PANTONE 4193 C,98,104,90,spot
PANTONE 4194 C,86,99,97,spot
PANTONE 4195 C,100,101,102,spot
PANTONE 4196 C,71,86,90,spot
PANTONE 4197 C,138,155,142,spot
PANTONE 4198 C,105,126,112,spot
PANTONE 4199 C,89,105,92,spot
PANTONE 4200 C,89,108,98,spot
PANTONE 4201 C,79,104,93,spot
PANTONE 4202 C,56,78,70,spot
PANTONE 4203 C,46,72,62,spot
PANTONE 4204 C,193,209,166,spot
PANTONE 4205 C,167,193,134,spot
PANTONE 4206 C,141,174,129,spot
PANTONE 4207 C,125,161,119,spot
PANTONE 4208 C,62,112,84,spot
PANTONE 4209 C,56,88,75,spot
PANTONE 4210 C,48,79,66,spot
PANTONE 4211 C,207,217,147,spot
PANTONE 4212 C,134,173,63,spot
PANTONE 4213 C,106,144,51,spot
PANTONE 4214 C,91,121,84,spot
PANTONE 4215 C,82,110,62,spot
PANTONE 4216 C,62,88,36,spot
PANTONE 4217 C,75,94,35,spot
PANTONE 4218 C,175,181,157,spot
PANTONE 4219 C,164,170,150,spot
PANTONE 4220 C,136,138,119,spot
PANTONE 4221 C,123,125,96,spot
PANTONE 4222 C,114,117,99,spot
PANTONE 4223 C,98,105,81,spot
PANTONE 4224 C,62,73,56,spot
PANTONE 4225 C,139,131,114,spot
PANTONE 4226 C,134,129,101,spot
PANTONE 4227 C,106,104,81,spot
PANTONE 4228 C,89,86,62,spot
PANTONE 4229 C,91,92,74,spot
PANTONE 4230 C,88,83,75,spot
PANTONE 4231 C,99,92,79,spot
PANTONE 4232 C,210,207,5,spot
PANTONE 4233 C,192,190,0,spot
PANTONE 4234 C,187,194,92,spot
PANTONE 4235 C,176,176,124,spot
PANTONE 4236 C,191,190,105,spot
PANTONE 4237 C,171,163,96,spot
PANTONE 4238 C,141,139,83,spot
PANTONE 4239 C,200,195,179,spot
PANTONE 4240 C,202,191,165,spot
PANTONE 4241 C,186,172,136,spot
PANTONE 4242 C,136,118,79,spot
PANTONE 4243 C,131,106,77,spot
PANTONE 4244 C,126,105,79,spot
PANTONE 4245 C,90,80,64,spot
PANTONE 4246 C,205,196,170,spot
PANTONE 4247 C,209,193,168,spot
PANTONE 4248 C,213,194,165,spot
PANTONE 4249 C,195,173,139,spot
PANTONE 4250 C,187,168,135,spot
PANTONE 4251 C,184,162,121,spot
PANTONE 4252 C,182,162,132,spot
PANTONE 4253 C,186,165,141,spot
PANTONE 4254 C,191,153,114,spot
PANTONE 4255 C,173,150,119,spot
PANTONE 4256 C,170,144,113,spot
PANTONE 4257 C,148,125,111,spot
PANTONE 4258 C,111,93,88,spot
PANTONE 4259 C,50,41,35,spot
PANTONE 4260 C,205,168,144,spot
PANTONE 4261 C,157,110,70,spot
PANTONE 4262 C,168,113,78,spot
PANTONE 4263 C,171,110,73,spot
PANTONE 4264 C,172,112,82,spot
PANTONE 4265 C,155,100,72,spot
PANTONE 4266 C,154,95,58,spot
PANTONE 4267 C,193,178,162,spot
PANTONE 4268 C,179,160,142,spot
PANTONE 4269 C,171,146,120,spot
PANTONE 4270 C,149,134,111,spot
PANTONE 4271 C,142,122,107,spot
PANTONE 4272 C,126,106,93,spot
PANTONE 4273 C,78,69,68,spot
PANTONE 4274 C,176,183,185,spot
PANTONE 4275 C,171,174,171,spot
PANTONE 4276 C,157,156,158,spot
PANTONE 4277 C,143,139,144,spot
PANTONE 4278 C,126,126,130,spot
PANTONE 4279 C,90,83,87,spot
PANTONE 4280 C,37,42,54,spot
PANTONE 4281 C,178,177,178,spot
PANTONE 4282 C,176,170,171,spot
PANTONE 4283 C,169,162,161,spot
PANTONE 4284 C,115,107,116,spot
PANTONE 4285 C,105,97,108,spot
PANTONE 4286 C,95,85,93,spot
PANTONE 4287 C,69,65,66,spot
PANTONE 4288 C,183,188,180,spot
PANTONE 4289 C,153,153,152,spot
PANTONE 4290 C,146,139,138,spot
PANTONE 4291 C,116,110,110,spot
PANTONE 4292 C,113,109,110,spot
PANTONE 4293 C,100,91,100,spot
PANTONE 4294 C,87,82,87,spot
PANTONE Warm Gray 1 C,215,210,203,spot
PANTONE Warm Gray 2 C,203,196,188,spot
PANTONE Warm Gray 3 C,191,184,175,spot
PANTONE Warm Gray 4 C,182,173,165,spot
PANTONE Warm Gray 5 C,172,163,154,spot
PANTONE Warm Gray 6 C,165,156,148,spot
PANTONE Warm Gray 7 C,150,140,131,spot
PANTONE Warm Gray 8 C,140,130,121,spot
PANTONE Warm Gray 9 C,131,120,111,spot
PANTONE Warm Gray 10 C,121,110,101,spot
PANTONE Warm Gray 11 C,110,98,89,spot
PANTONE Cool Gray 1 C,217,217,214,spot
PANTONE Cool Gray 2 C,208,208,206,spot
PANTONE Cool Gray 3 C,200,201,199,spot
PANTONE Cool Gray 4 C,187,188,188,spot
PANTONE Cool Gray 5 C,177,179,179,spot
PANTONE Cool Gray 6 C,167,168,170,spot
PANTONE Cool Gray 7 C,151,153,155,spot
PANTONE Cool Gray 8 C,136,139,141,spot
PANTONE Cool Gray 9 C,117,120,123,spot
PANTONE Cool Gray 10 C,99,102,106,spot
PANTONE Cool Gray 11 C,83,86,90,spot
PANTONE Black 2 C,51,47,33,spot
PANTONE Black 3 C,33,39,33,spot
PANTONE Black 4 C,49,38,29,spot
PANTONE Black 5 C,62,43,46,spot
PANTONE Black 6 C,16,24,32,spot
PANTONE Black 7 C,61,57,53,spot
PANTONE 8003 C,134,122,110,spot
PANTONE 8021 C,147,119,106,spot
PANTONE 8062 C,149,112,125,spot
PANTONE 808 C,0,178,143,spot
PANTONE 809 C,226,224,0,spot
PANTONE 810 C,255,198,13,spot
PANTONE 8100 C,134,120,139,spot
PANTONE 811 C,255,102,63,spot
PANTONE 812 C,255,37,108,spot
PANTONE 813 C,233,5,170,spot
PANTONE 814 C,125,91,203,spot
PANTONE 8201 C,98,128,145,spot
PANTONE 8281 C,114,139,137,spot
PANTONE 8321 C,123,138,115,spot
PANTONE Hexachrome Black C,32,33,33,spot
PANTONE Hexachrome Cyan C,0,143,208,spot
PANTONE Hexachrome Green C,0,176,74,spot
PANTONE Hexachrome Magenta C,222,0,144,spot
PANTONE Hexachrome Orange C,255,124,0,spot
PANTONE Hexachrome Yellow C,255,224,0,spot
PANTONE Bright Green C,0,176,139,spot
PANTONE Bright Orange C,255,94,0,spot
PANTONE Medium Blue C,0,132,202,spot
PANTONE Medium Yellow C,255,217,0,spot
PANTONE Neutral Black C,34,34,35,spot
PANTONE Process Black C,30,30,30,spot
PANTONE Process Cyan C,0,159,218,spot
PANTONE Process Magenta C,209,0,116,spot
PANTONE Process Yellow C,249,227,0,spot
PANTONE Strong Red C,206,0,86,spot
PANTONE Trans. White C,255,255,255,spot